lead_id,created_at,visits,email_opened,last_contact_days,source,expected_amount,converted
Lead_0,2023-02-04 23:21:40,4,1,34,email,1661.14,0
Lead_1,2023-12-28 16:55:06,1,1,63,referral,1834.49,0
Lead_2,2023-01-17 11:41:02,3,0,116,referral,2187.43,0
Lead_3,2024-07-15 06:44:33,3,1,57,ads,5348.23,0
Lead_4,2024-05-18 23:42:04,2,0,94,referral,3230.95,0
Lead_5,2024-10-28 00:44:55,3,0,58,email,1288.48,0
Lead_6,2023-08-13 19:18:54,2,1,107,referral,3328.9,0
Lead_7,2023-07-18 01:37:44,3,1,0,email,3085.24,0
Lead_8,2024-07-20 10:28:00,0,1,2,email,8021.78,0
Lead_9,2024-03-18 01:35:07,2,1,66,referral,5524.42,0
Lead_10,2024-08-01 18:45:57,4,1,36,organic,3127.66,0
Lead_11,2023-06-09 18:33:55,2,1,82,referral,1253.4,0
Lead_12,2023-11-09 03:59:05,1,0,28,email,4536.61,0
Lead_13,2024-04-20 17:08:32,3,0,88,email,2568.47,1
Lead_14,2023-05-22 19:11:24,4,1,32,organic,12653.6,0
Lead_15,2023-09-06 13:15:37,4,1,99,email,853.09,0
Lead_16,2023-04-18 16:36:28,1,1,60,email,249.02,0
Lead_17,2024-02-22 04:31:57,2,0,92,email,217.36,0
Lead_18,2023-01-15 19:20:21,3,0,89,email,3065.21,0
Lead_19,2023-10-30 21:58:06,2,1,3,email,8403.47,1
Lead_20,2024-05-08 11:00:30,3,1,112,ads,5.8,0
Lead_21,2023-08-11 02:57:15,4,0,13,ads,3881.38,0
Lead_22,2024-02-16 18:38:16,1,0,113,organic,3210.64,0
Lead_23,2023-08-29 06:22:24,3,1,90,email,3953.71,0
Lead_24,2024-04-08 16:50:20,3,0,32,email,1317.4,0
Lead_25,2024-06-20 04:54:03,3,1,21,ads,5152.68,0
Lead_26,2024-10-13 00:29:42,5,1,47,referral,137.21,0
Lead_27,2023-06-25 18:13:29,0,0,2,ads,4224.77,0
Lead_28,2024-08-24 08:23:42,1,0,86,organic,932.12,0
Lead_29,2024-05-06 19:26:30,4,1,84,email,1943.59,0
Lead_30,2024-02-16 11:21:25,3,0,104,organic,5188.66,0
Lead_31,2024-07-14 17:51:15,1,1,22,ads,949.72,0
Lead_32,2023-12-26 02:27:05,7,0,67,email,614.47,0
Lead_33,2024-02-09 01:17:33,3,1,20,organic,3430.64,0
Lead_34,2024-09-26 06:42:51,4,0,100,referral,2286.82,0
Lead_35,2023-06-04 17:42:23,2,0,42,email,2167.13,0
Lead_36,2024-06-27 16:50:05,1,1,94,email,890.25,1
Lead_37,2023-06-16 16:30:02,4,0,84,email,106.51,0
Lead_38,2023-05-24 16:31:32,4,0,25,referral,1584.27,0
Lead_39,2024-08-06 08:14:00,1,0,40,email,338.03,0
Lead_40,2023-07-21 13:08:10,2,1,98,email,7093.04,1
Lead_41,2023-11-15 18:12:37,3,0,37,email,126.38,0
Lead_42,2024-07-08 18:14:44,5,0,87,referral,1695.06,0
Lead_43,2024-04-24 18:59:52,5,1,10,organic,160.98,0
Lead_44,2024-03-10 12:32:02,3,0,104,referral,301.26,0
Lead_45,2023-12-11 19:43:56,2,1,28,email,3226.45,1
Lead_46,2024-03-24 09:22:31,3,1,110,organic,3124.81,0
Lead_47,2024-05-08 17:57:35,3,1,118,referral,100.83,1
Lead_48,2024-06-30 06:42:52,1,1,59,organic,3.4,0
Lead_49,2024-09-06 21:31:13,6,0,66,ads,246.29,0
Lead_50,2023-08-30 12:44:46,1,1,64,ads,4319.07,0
Lead_51,2024-10-25 12:12:56,5,0,115,referral,2635.37,0
Lead_52,2024-08-18 04:08:50,4,1,60,email,116.59,0
Lead_53,2024-05-14 10:43:01,3,1,117,ads,2008.86,0
Lead_54,2024-10-07 14:51:09,2,1,18,organic,3734.69,0
Lead_55,2024-04-04 02:54:05,3,1,45,organic,6096.56,0
Lead_56,2024-10-03 14:46:39,2,0,48,organic,8155.96,0
Lead_57,2024-05-07 01:08:27,6,0,21,referral,1189.99,0
Lead_58,2024-07-28 02:16:28,2,0,77,email,437.97,0
Lead_59,2023-07-11 23:33:01,6,1,112,email,811.2,0
Lead_60,2023-05-19 22:02:35,3,1,56,ads,4490.63,1
Lead_61,2023-05-31 18:27:51,0,1,13,ads,10671.89,1
Lead_62,2024-01-11 16:55:44,5,1,43,email,1884.29,0
Lead_63,2023-11-01 19:31:50,0,1,15,email,1093.06,0
Lead_64,2024-08-20 16:39:01,6,0,96,ads,1682.1,0
Lead_65,2024-09-30 09:03:53,2,1,76,referral,1090.72,0
Lead_66,2024-01-24 02:16:43,4,0,101,organic,889.11,0
Lead_67,2024-03-23 05:48:52,3,1,112,referral,2702.37,0
Lead_68,2023-01-27 12:27:30,5,1,11,referral,47.58,0
Lead_69,2023-04-08 14:07:32,8,0,54,referral,901.5,0
Lead_70,2023-09-23 10:34:28,4,1,50,organic,3248.65,0
Lead_71,2023-08-02 09:35:16,1,0,101,referral,97.76,0
Lead_72,2023-08-01 22:14:51,3,0,38,organic,260.6,0
Lead_73,2024-02-28 09:38:34,0,1,32,organic,1041.86,1
Lead_74,2023-04-13 18:53:07,0,0,32,organic,6306.41,0
Lead_75,2023-12-04 02:24:32,2,1,28,email,4343.06,0
Lead_76,2023-08-21 09:33:49,4,1,68,email,67.22,0
Lead_77,2023-09-28 23:20:46,1,0,69,email,2089.74,0
Lead_78,2023-07-24 15:21:04,5,1,30,email,963.46,0
Lead_79,2023-10-29 09:32:02,3,0,79,email,3137.88,0
Lead_80,2023-09-08 00:14:52,0,0,30,email,3835.59,0
Lead_81,2023-07-13 05:05:27,4,0,88,email,5960.32,1
Lead_82,2024-07-26 09:37:56,1,1,111,ads,1935.45,0
Lead_83,2024-07-30 16:27:21,6,1,45,referral,15581.92,1
Lead_84,2023-02-06 22:08:43,3,0,96,email,11733.99,0
Lead_85,2024-08-16 01:12:04,1,1,76,referral,6415.45,0
Lead_86,2024-10-20 10:28:50,1,1,51,referral,2566.08,1
Lead_87,2024-08-13 15:48:30,0,1,9,ads,1522.53,0
Lead_88,2023-10-02 04:07:21,3,1,87,organic,1359.49,1
Lead_89,2024-01-06 06:29:27,2,1,73,email,36.6,0
Lead_90,2023-04-02 23:00:14,4,0,40,email,859.75,0
Lead_91,2024-09-30 16:31:30,5,0,94,ads,3806.16,0
Lead_92,2024-06-24 01:20:31,1,1,76,email,2776.24,0
Lead_93,2024-09-21 20:52:51,0,1,2,ads,7445.93,0
Lead_94,2023-06-23 23:30:20,5,1,58,email,153.95,0
Lead_95,2023-02-24 03:04:01,5,0,113,email,506.24,0
Lead_96,2023-12-17 15:10:50,1,1,51,email,4671.16,0
Lead_97,2024-09-04 13:19:36,0,0,33,email,1331.87,0
Lead_98,2023-02-22 12:19:51,2,1,48,referral,377.86,0
Lead_99,2023-12-28 04:07:59,2,0,27,ads,16922.85,0
Lead_100,2023-11-05 00:12:49,2,1,82,email,4642.92,0
Lead_101,2023-06-05 21:12:52,6,0,86,email,1576.5,0
Lead_102,2024-10-08 02:04:08,6,1,108,email,5200.71,0
Lead_103,2024-10-04 18:29:05,5,0,95,email,3423.97,0
Lead_104,2023-12-03 01:09:05,5,1,12,organic,4681.58,0
Lead_105,2023-11-04 11:51:39,0,0,96,email,5065.55,0
Lead_106,2023-06-30 01:58:40,2,0,97,referral,265.6,0
Lead_107,2023-03-15 00:00:11,5,1,96,organic,2926.31,0
Lead_108,2023-11-02 07:37:19,5,0,119,email,20.43,0
Lead_109,2023-02-14 04:09:49,1,1,68,ads,133.29,0
Lead_110,2024-03-13 05:57:49,4,1,119,organic,7029.6,0
Lead_111,2024-03-16 05:19:00,3,1,66,organic,2249.56,0
Lead_112,2024-08-26 00:41:30,2,1,60,ads,3994.3,0
Lead_113,2024-03-02 03:31:23,2,0,59,referral,5469.77,0
Lead_114,2024-07-07 19:56:28,2,0,70,organic,8962.5,1
Lead_115,2024-02-26 04:56:52,6,1,23,email,6105.77,1
Lead_116,2023-08-30 23:12:35,4,1,62,organic,1980.95,0
Lead_117,2023-01-26 17:22:04,1,0,85,ads,1228.29,0
Lead_118,2023-08-05 03:38:00,1,0,108,ads,503.46,0
Lead_119,2023-03-19 15:59:53,1,1,60,organic,1534.08,1
Lead_120,2023-08-07 04:08:37,5,0,22,organic,1369.46,0
Lead_121,2023-04-15 02:05:55,3,1,29,email,2460.04,1
Lead_122,2024-10-31 22:16:46,1,1,59,email,3285.44,0
Lead_123,2023-09-11 09:55:27,3,0,17,referral,11494.85,0
Lead_124,2023-09-08 20:07:27,6,1,95,referral,3910.12,0
Lead_125,2023-10-07 18:53:02,2,1,55,referral,3096.36,1
Lead_126,2023-12-01 07:49:11,5,1,52,organic,1224.32,0
Lead_127,2023-08-12 08:50:39,2,0,6,organic,105.34,0
Lead_128,2024-03-22 03:26:45,1,0,96,ads,1019.56,0
Lead_129,2023-10-02 23:00:55,7,1,68,email,4388.85,0
Lead_130,2024-02-13 18:09:57,8,1,112,ads,689.27,0
Lead_131,2023-05-16 20:08:17,0,1,91,referral,3736.35,1
Lead_132,2023-05-17 05:35:03,3,1,71,referral,2600.93,0
Lead_133,2024-05-11 01:54:12,6,1,78,ads,565.71,1
Lead_134,2024-09-19 22:46:10,1,0,51,ads,909.91,0
Lead_135,2024-06-22 02:58:37,9,1,3,email,2057.34,0
Lead_136,2023-12-07 16:24:02,3,1,33,email,1625.79,0
Lead_137,2024-08-08 12:02:36,3,1,68,ads,4522.86,0
Lead_138,2023-07-29 21:39:19,6,1,32,email,3977.34,0
Lead_139,2024-05-17 09:59:39,2,0,68,email,2564.0,0
Lead_140,2024-01-18 02:58:13,0,1,37,email,5182.55,0
Lead_141,2023-06-02 04:18:59,4,1,97,ads,2481.2,0
Lead_142,2023-05-13 17:41:55,0,1,25,email,10005.32,1
Lead_143,2023-01-16 21:10:49,3,1,0,organic,734.73,0
Lead_144,2023-08-11 04:13:58,5,1,3,ads,3756.68,0
Lead_145,2023-08-13 08:12:40,5,1,38,referral,1385.84,0
Lead_146,2023-07-18 23:12:50,4,1,53,referral,981.21,0
Lead_147,2024-04-17 21:25:24,1,1,89,email,596.77,0
Lead_148,2023-10-26 05:50:23,1,1,32,ads,2412.26,0
Lead_149,2023-09-09 06:21:22,1,1,32,organic,728.01,0
Lead_150,2023-10-31 01:57:26,2,0,71,referral,670.75,0
Lead_151,2024-04-02 09:33:24,3,1,19,organic,13979.48,0
Lead_152,2024-09-11 00:50:45,1,1,15,referral,4854.64,0
Lead_153,2023-01-04 16:07:53,1,1,20,email,4138.28,0
Lead_154,2023-03-21 02:09:05,1,1,44,email,4740.52,0
Lead_155,2024-02-26 10:36:31,2,0,118,ads,10413.85,0
Lead_156,2023-08-04 09:54:26,3,1,119,email,2554.86,0
Lead_157,2024-01-15 03:30:52,2,0,89,email,746.32,0
Lead_158,2023-07-21 20:52:14,2,1,86,organic,5946.07,0
Lead_159,2024-01-10 18:08:27,3,1,81,email,4072.9,0
Lead_160,2024-07-19 05:13:06,2,0,61,email,1604.89,0
Lead_161,2024-03-08 05:31:27,4,1,30,organic,1924.91,0
Lead_162,2024-08-16 17:44:31,4,1,115,organic,1589.27,0
Lead_163,2024-02-21 18:58:20,1,1,41,email,7975.3,1
Lead_164,2023-08-01 00:47:51,2,0,11,organic,1262.64,0
Lead_165,2023-12-16 00:24:29,1,1,64,organic,9930.04,0
Lead_166,2024-04-10 19:11:22,2,0,105,ads,7232.91,0
Lead_167,2023-09-17 05:33:57,3,1,72,email,2986.99,0
Lead_168,2024-06-12 10:17:52,2,0,2,email,2601.23,0
Lead_169,2023-05-19 06:50:22,4,1,114,ads,1386.53,0
Lead_170,2023-12-01 07:05:03,3,0,89,email,55.53,0
Lead_171,2023-08-20 09:55:35,4,1,8,organic,409.6,1
Lead_172,2024-09-08 23:22:32,1,0,105,referral,4210.09,0
Lead_173,2023-12-02 07:21:03,1,1,50,referral,1913.37,0
Lead_174,2024-07-04 12:31:57,1,1,15,organic,486.99,1
Lead_175,2024-01-01 06:10:19,2,1,87,organic,919.42,0
Lead_176,2023-01-24 11:55:32,2,1,113,email,8860.14,0
Lead_177,2024-03-17 17:31:00,5,1,77,email,1372.48,0
Lead_178,2023-10-12 12:19:16,5,0,2,referral,7147.55,0
Lead_179,2023-06-18 09:57:52,2,0,97,email,1089.96,0
Lead_180,2024-10-26 13:42:45,2,1,96,ads,2350.66,0
Lead_181,2023-08-16 19:33:47,3,0,113,referral,62.07,0
Lead_182,2024-03-01 02:44:30,2,1,23,organic,2213.65,0
Lead_183,2023-09-03 10:43:18,1,1,72,ads,3039.58,0
Lead_184,2023-01-05 22:02:52,2,0,12,referral,800.91,0
Lead_185,2024-03-27 00:00:18,5,0,1,email,2594.92,0
Lead_186,2023-11-22 13:58:45,5,0,70,referral,3125.29,0
Lead_187,2023-03-25 23:39:11,3,1,111,email,3483.56,0
Lead_188,2023-09-20 23:11:19,4,0,20,organic,4493.73,0
Lead_189,2023-01-06 02:23:14,1,1,18,email,1119.02,0
Lead_190,2024-07-12 06:12:26,3,1,88,referral,2516.44,0
Lead_191,2024-03-12 05:59:45,4,1,46,email,11982.8,0
Lead_192,2023-12-30 17:11:52,3,0,21,email,6852.59,0
Lead_193,2023-01-12 22:53:01,3,0,74,ads,9151.54,0
Lead_194,2023-08-06 12:41:31,3,0,32,ads,1463.95,0
Lead_195,2024-06-07 11:42:43,3,1,31,email,4638.38,0
Lead_196,2023-09-03 13:24:01,5,1,63,email,2901.95,0
Lead_197,2023-12-17 09:59:30,3,1,84,referral,259.08,0
Lead_198,2023-10-28 09:20:43,5,1,38,referral,5211.48,0
Lead_199,2023-07-31 14:28:21,2,1,83,email,3391.25,1
Lead_200,2023-12-22 01:04:14,2,0,71,referral,665.37,0
Lead_201,2023-11-13 01:11:34,5,1,41,email,249.29,0
Lead_202,2023-02-25 03:18:37,3,1,100,ads,5442.42,0
Lead_203,2023-08-11 17:42:00,3,1,8,email,246.57,0
Lead_204,2024-09-11 10:52:55,3,1,24,ads,287.4,0
Lead_205,2024-04-14 11:45:18,6,1,88,email,1672.75,0
Lead_206,2023-02-26 04:56:05,6,0,96,organic,434.38,0
Lead_207,2024-05-11 23:41:01,3,0,1,email,7348.72,0
Lead_208,2024-04-12 21:56:58,5,0,18,email,1906.24,0
Lead_209,2023-08-30 10:01:58,2,1,109,email,2525.99,0
Lead_210,2023-06-23 23:09:46,4,1,19,organic,7897.69,0
Lead_211,2024-10-22 18:29:03,3,1,105,referral,2266.75,0
Lead_212,2023-05-17 05:53:58,2,0,104,referral,1308.97,0
Lead_213,2024-05-25 11:40:18,4,0,105,organic,4785.94,0
Lead_214,2024-07-06 14:50:31,1,1,92,organic,1754.76,0
Lead_215,2023-10-03 05:18:55,3,1,69,referral,1150.24,0
Lead_216,2024-01-23 11:35:27,1,1,16,email,3853.7,0
Lead_217,2024-03-20 20:08:08,3,0,88,organic,4852.5,0
Lead_218,2023-05-30 08:29:12,3,0,101,email,4706.56,0
Lead_219,2023-03-15 06:35:41,1,1,67,referral,11406.07,1
Lead_220,2024-02-17 01:44:36,2,1,93,referral,4634.7,0
Lead_221,2023-04-07 13:44:13,4,1,83,referral,4408.16,0
Lead_222,2023-11-20 09:17:48,2,1,2,ads,5844.93,0
Lead_223,2024-06-29 14:51:56,5,1,86,referral,0.56,0
Lead_224,2024-02-13 09:38:55,0,1,50,organic,1350.28,0
Lead_225,2024-08-22 01:13:09,3,0,81,email,4013.69,0
Lead_226,2024-02-20 01:01:17,2,0,25,email,2746.77,0
Lead_227,2023-08-29 23:46:06,0,1,55,referral,586.48,0
Lead_228,2024-01-31 23:52:17,2,0,99,organic,1086.07,0
Lead_229,2024-08-23 08:32:00,2,1,63,email,1232.0,0
Lead_230,2024-10-21 06:53:42,4,1,7,email,2516.8,0
Lead_231,2023-03-04 08:30:30,2,1,80,email,5344.21,0
Lead_232,2023-04-07 11:17:45,1,1,94,email,8086.52,0
Lead_233,2023-03-11 07:38:07,1,1,36,organic,4159.99,0
Lead_234,2024-08-19 19:27:52,0,1,108,referral,5553.58,0
Lead_235,2023-06-02 04:18:45,2,1,96,referral,1905.18,0
Lead_236,2023-11-30 01:19:08,4,0,26,ads,1481.78,0
Lead_237,2023-12-21 04:50:05,3,1,44,referral,1496.24,0
Lead_238,2024-06-09 20:36:23,5,1,3,email,2871.64,0
Lead_239,2023-10-11 04:43:38,5,1,85,email,397.98,1
Lead_240,2023-11-02 07:44:26,3,0,89,ads,2598.89,0
Lead_241,2023-07-28 19:39:28,4,1,95,email,3282.06,0
Lead_242,2023-07-09 21:49:25,1,0,87,ads,1733.62,0
Lead_243,2024-06-02 22:49:16,3,1,109,email,9183.51,0
Lead_244,2023-03-27 15:15:51,4,1,98,email,2811.11,0
Lead_245,2024-04-27 23:55:19,4,1,36,email,745.38,0
Lead_246,2023-03-16 07:56:30,3,1,95,referral,1957.26,0
Lead_247,2023-11-15 02:40:32,2,1,70,email,3375.53,0
Lead_248,2024-06-06 17:10:04,2,1,32,organic,1173.04,0
Lead_249,2024-02-08 09:47:03,3,1,30,email,248.98,0
Lead_250,2024-06-11 02:48:53,3,1,54,referral,2627.14,0
Lead_251,2024-07-24 21:26:13,4,1,11,organic,8862.05,0
Lead_252,2024-10-03 05:15:15,0,0,10,organic,1991.18,0
Lead_253,2023-05-22 21:34:34,2,1,87,organic,7096.86,1
Lead_254,2023-08-10 22:31:13,4,0,71,email,5405.86,0
Lead_255,2024-10-07 16:17:48,2,0,31,email,478.44,0
Lead_256,2024-06-05 02:21:39,4,1,56,ads,3694.75,0
Lead_257,2024-10-21 11:19:21,3,1,37,email,1715.26,1
Lead_258,2024-09-23 23:54:30,2,1,59,email,864.03,0
Lead_259,2024-08-28 16:48:34,3,0,85,organic,3484.07,0
Lead_260,2024-05-22 22:20:40,7,0,97,ads,4072.08,0
Lead_261,2024-01-17 08:49:41,3,0,18,referral,594.97,0
Lead_262,2023-07-06 03:11:35,5,0,115,organic,7375.78,0
Lead_263,2023-02-12 21:59:23,8,0,83,referral,4172.68,0
Lead_264,2023-02-24 17:48:36,1,1,55,referral,8126.05,0
Lead_265,2024-03-09 12:17:31,2,1,13,referral,1144.1,1
Lead_266,2024-03-19 00:45:25,2,0,32,email,8407.17,0
Lead_267,2023-10-30 00:52:17,1,1,9,email,1379.06,0
Lead_268,2023-01-11 19:37:41,3,1,79,organic,166.44,0
Lead_269,2024-01-30 01:00:48,4,0,63,organic,4318.7,0
Lead_270,2024-08-03 07:52:20,1,1,63,organic,3647.21,1
Lead_271,2023-03-14 18:07:14,7,0,61,ads,2733.25,0
Lead_272,2023-11-14 21:21:17,6,0,67,organic,2019.41,0
Lead_273,2024-07-26 03:18:54,2,1,90,email,98.08,0
Lead_274,2024-02-09 07:34:48,2,0,91,email,2939.27,0
Lead_275,2023-11-18 10:22:21,1,1,42,ads,1617.85,0
Lead_276,2024-08-01 15:16:09,0,1,79,ads,2464.37,0
Lead_277,2024-08-10 18:18:07,4,1,58,email,1682.79,0
Lead_278,2023-12-15 16:33:31,3,1,51,email,10149.14,0
Lead_279,2023-04-19 19:08:14,4,1,96,email,2779.85,0
Lead_280,2024-07-02 18:07:15,5,1,111,ads,4149.73,0
Lead_281,2024-04-17 16:02:24,1,1,18,referral,8262.92,0
Lead_282,2024-09-21 09:24:35,1,1,20,referral,2686.52,0
Lead_283,2024-07-01 05:38:06,2,0,21,email,36.41,0
Lead_284,2024-05-24 02:48:36,6,0,8,ads,104.68,0
Lead_285,2023-10-30 06:04:02,3,1,8,referral,3635.39,0
Lead_286,2023-10-14 07:48:47,3,1,72,ads,981.7,0
Lead_287,2023-08-15 08:10:02,2,1,26,email,2598.07,0
Lead_288,2023-12-18 04:01:31,6,1,16,referral,677.98,0
Lead_289,2023-11-16 14:28:15,1,0,43,organic,945.16,0
Lead_290,2023-09-29 11:16:40,3,0,44,email,2107.42,0
Lead_291,2024-02-29 15:00:11,1,1,7,email,11135.76,1
Lead_292,2024-01-25 10:57:34,2,1,79,ads,2873.45,0
Lead_293,2024-06-27 07:08:06,4,1,17,ads,8253.57,0
Lead_294,2023-01-06 00:39:33,5,0,32,email,9610.47,0
Lead_295,2024-10-01 11:08:31,8,1,0,email,700.0,0
Lead_296,2023-08-16 08:22:48,2,0,75,email,1118.39,0
Lead_297,2023-11-28 12:00:45,2,0,5,organic,4408.93,0
Lead_298,2023-03-22 02:33:31,4,1,40,referral,6046.9,0
Lead_299,2023-12-18 00:09:40,0,1,54,referral,2197.08,0
Lead_300,2023-11-11 12:31:31,4,0,4,organic,14984.02,0
Lead_301,2023-05-19 01:01:40,3,1,58,email,34.92,1
Lead_302,2023-11-19 14:56:57,6,1,79,organic,1068.28,1
Lead_303,2023-04-16 21:31:26,2,1,17,ads,2927.82,0
Lead_304,2023-07-13 09:27:56,2,0,48,email,1900.62,0
Lead_305,2023-12-09 08:51:56,3,0,81,organic,371.94,0
Lead_306,2023-03-09 19:58:26,6,0,64,organic,1375.59,1
Lead_307,2024-03-05 13:06:24,0,0,82,organic,77.33,0
Lead_308,2023-01-14 19:15:47,4,0,53,email,3087.93,0
Lead_309,2023-04-06 23:54:47,4,0,60,organic,6697.57,0
Lead_310,2023-11-08 13:13:29,3,1,7,organic,6485.19,0
Lead_311,2024-06-03 19:24:15,4,1,2,email,3607.37,0
Lead_312,2024-10-13 09:26:41,4,0,24,email,1880.79,0
Lead_313,2024-05-12 18:26:45,4,0,68,email,2152.51,0
Lead_314,2024-08-06 08:58:42,1,0,54,organic,441.74,0
Lead_315,2024-04-22 06:28:54,5,1,39,ads,1251.17,0
Lead_316,2024-07-04 19:18:34,6,0,82,email,623.76,0
Lead_317,2023-08-12 19:16:29,0,0,81,email,5164.47,0
Lead_318,2023-02-22 22:49:39,4,1,49,email,7386.64,0
Lead_319,2023-01-22 03:24:04,2,1,116,referral,2309.59,0
Lead_320,2023-05-05 01:02:23,2,1,94,ads,3903.26,0
Lead_321,2024-04-19 01:40:46,3,1,32,organic,388.5,1
Lead_322,2024-10-14 01:40:56,1,1,110,referral,2813.57,1
Lead_323,2024-06-05 13:23:01,1,1,17,referral,3639.96,1
Lead_324,2024-03-10 11:58:05,5,1,56,email,1808.65,1
Lead_325,2023-04-02 21:35:31,0,0,102,email,836.26,0
Lead_326,2023-12-27 13:39:00,2,0,15,ads,6295.86,0
Lead_327,2023-07-29 13:00:22,3,0,79,email,4074.97,0
Lead_328,2024-09-12 18:12:08,2,1,110,email,6903.48,0
Lead_329,2023-04-28 12:25:23,2,1,37,organic,5117.89,0
Lead_330,2023-11-25 04:26:29,1,0,40,ads,13930.0,0
Lead_331,2024-04-16 15:24:25,1,1,6,email,640.22,0
Lead_332,2024-08-13 18:59:08,3,0,77,email,272.23,0
Lead_333,2024-07-09 03:27:41,1,0,106,email,1232.95,1
Lead_334,2023-06-01 07:23:27,2,1,52,organic,414.35,0
Lead_335,2023-09-08 09:44:19,0,0,62,email,2221.53,0
Lead_336,2023-10-19 23:37:33,1,1,111,email,3007.42,0
Lead_337,2024-03-01 15:28:19,7,1,88,referral,2590.3,0
Lead_338,2023-04-09 09:34:25,6,0,31,email,900.24,0
Lead_339,2023-08-11 11:45:36,1,1,37,email,7184.89,0
Lead_340,2023-12-31 04:06:44,1,0,21,email,64.2,0
Lead_341,2024-04-18 03:54:39,4,1,15,email,1283.19,1
Lead_342,2024-06-27 17:37:52,5,1,51,email,3808.12,0
Lead_343,2023-06-26 09:53:58,5,1,28,email,4369.24,0
Lead_344,2024-10-02 16:19:39,0,0,15,organic,1614.17,0
Lead_345,2023-12-02 11:25:31,5,1,75,email,51.16,0
Lead_346,2024-10-16 19:13:26,3,1,16,referral,2887.35,0
Lead_347,2023-12-01 16:13:49,7,0,100,referral,195.52,0
Lead_348,2023-03-14 13:33:28,3,1,63,ads,342.38,0
Lead_349,2024-01-14 15:43:06,3,0,90,email,3151.62,0
Lead_350,2024-01-26 02:15:43,3,1,88,email,1124.03,0
Lead_351,2023-07-26 02:52:15,4,0,12,referral,1283.27,0
Lead_352,2024-04-12 00:32:35,4,0,71,referral,2001.31,0
Lead_353,2024-06-26 01:35:38,3,1,55,referral,11530.07,0
Lead_354,2023-06-12 11:12:38,3,1,4,email,10095.37,0
Lead_355,2023-12-12 16:42:07,3,0,11,organic,1614.9,0
Lead_356,2024-03-08 22:05:28,2,1,40,email,925.69,0
Lead_357,2023-06-21 11:18:26,4,0,2,email,1081.15,0
Lead_358,2024-07-08 18:01:56,1,1,98,ads,939.13,0
Lead_359,2023-12-03 00:02:50,0,1,32,email,2279.44,0
Lead_360,2024-04-30 14:43:19,7,1,85,ads,2800.77,1
Lead_361,2024-03-05 06:18:31,1,0,49,referral,2012.86,0
Lead_362,2024-02-03 03:29:50,1,1,55,organic,1572.72,1
Lead_363,2023-11-24 08:10:36,1,0,107,organic,712.05,0
Lead_364,2023-08-09 03:55:21,3,0,8,ads,1976.27,0
Lead_365,2023-04-27 21:30:20,1,1,104,referral,1251.56,0
Lead_366,2024-08-08 00:26:38,3,1,81,email,2340.01,0
Lead_367,2024-04-25 20:56:11,6,0,49,ads,3373.54,0
Lead_368,2024-08-15 10:53:21,1,1,28,email,3009.73,1
Lead_369,2023-12-14 18:25:15,2,0,38,email,1862.42,0
Lead_370,2023-06-23 23:26:58,3,1,90,email,2436.15,0
Lead_371,2023-06-20 14:28:45,3,1,99,ads,1005.81,0
Lead_372,2023-10-25 04:17:26,7,0,44,ads,73.62,0
Lead_373,2023-10-22 08:58:10,5,1,16,organic,2942.64,0
Lead_374,2024-01-28 14:49:55,2,1,55,email,873.34,0
Lead_375,2024-03-22 15:44:24,1,1,97,organic,3316.49,0
Lead_376,2023-07-09 02:23:09,7,1,45,referral,4123.2,0
Lead_377,2023-07-08 17:48:25,5,1,66,ads,7428.24,0
Lead_378,2023-06-22 17:37:27,3,0,68,referral,9519.04,0
Lead_379,2023-07-18 18:37:57,2,1,13,email,31.75,0
Lead_380,2024-10-09 16:27:12,3,1,66,organic,13929.93,0
Lead_381,2023-05-01 01:11:32,2,0,22,ads,3446.73,0
Lead_382,2024-09-11 16:58:34,4,1,102,organic,3094.47,0
Lead_383,2024-08-23 07:39:18,3,1,93,referral,45.99,0
Lead_384,2024-04-12 10:57:31,3,0,113,organic,5924.89,0
Lead_385,2023-01-31 12:54:59,6,0,108,referral,471.69,0
Lead_386,2024-06-16 16:03:08,1,1,60,email,5448.1,0
Lead_387,2024-04-09 00:41:00,4,0,22,email,47.05,0
Lead_388,2024-08-05 03:22:27,2,1,26,ads,3115.07,0
Lead_389,2024-03-02 07:56:15,2,0,53,ads,1711.74,0
Lead_390,2023-06-10 07:25:27,3,1,9,email,672.31,0
Lead_391,2023-11-18 23:22:43,3,1,88,organic,341.39,1
Lead_392,2023-03-07 23:07:00,1,1,76,ads,1740.14,1
Lead_393,2024-02-05 17:57:47,3,1,15,organic,394.79,0
Lead_394,2023-11-27 15:28:01,2,1,40,organic,1999.2,1
Lead_395,2023-08-31 12:09:07,4,0,97,ads,2944.22,0
Lead_396,2024-01-02 12:06:48,6,1,54,organic,5270.06,0
Lead_397,2023-08-04 14:10:20,5,1,100,ads,3405.67,0
Lead_398,2024-03-30 05:39:27,5,1,60,organic,202.27,0
Lead_399,2024-06-06 16:06:57,3,1,85,email,1102.05,1
Lead_400,2023-09-01 21:38:40,3,0,80,email,1018.94,0
Lead_401,2023-03-13 00:55:35,0,1,86,ads,7396.46,0
Lead_402,2023-07-11 22:10:35,3,1,117,ads,6069.91,0
Lead_403,2024-04-30 19:52:56,4,1,99,ads,1386.81,0
Lead_404,2023-10-24 03:03:29,6,0,48,ads,221.44,1
Lead_405,2023-10-01 10:42:48,2,1,72,email,6735.99,0
Lead_406,2023-06-08 13:28:55,1,1,51,organic,6572.86,0
Lead_407,2024-04-07 09:30:59,2,1,1,ads,5787.82,0
Lead_408,2023-08-15 09:22:00,2,1,95,ads,5594.57,0
Lead_409,2023-06-01 00:30:02,1,1,119,referral,1963.25,0
Lead_410,2023-03-07 09:37:07,2,0,49,referral,585.97,0
Lead_411,2024-02-18 23:08:38,5,0,116,organic,1947.32,0
Lead_412,2023-04-14 09:05:25,6,0,85,ads,2047.2,0
Lead_413,2023-05-01 15:01:25,4,1,42,email,2019.63,0
Lead_414,2023-01-20 00:38:40,2,1,76,ads,2321.59,0
Lead_415,2024-10-30 21:36:48,5,1,7,ads,893.83,1
Lead_416,2023-11-12 08:02:01,4,0,58,organic,1368.26,0
Lead_417,2024-08-09 15:58:15,3,1,64,email,1708.47,0
Lead_418,2023-10-18 10:40:49,4,0,80,organic,421.65,0
Lead_419,2023-06-16 11:03:55,0,1,11,ads,1822.91,0
Lead_420,2023-06-17 04:28:45,2,1,3,organic,4989.62,0
Lead_421,2024-03-06 22:30:20,2,1,116,email,5281.82,0
Lead_422,2024-08-24 02:37:06,3,1,76,organic,1590.86,0
Lead_423,2023-10-31 01:06:34,5,0,94,organic,2194.47,0
Lead_424,2024-05-27 03:20:12,3,0,40,organic,102.69,1
Lead_425,2023-02-01 03:36:21,5,1,6,email,3366.56,0
Lead_426,2023-10-17 18:18:57,2,1,86,email,1555.6,0
Lead_427,2023-12-19 15:26:19,4,0,87,referral,1768.94,0
Lead_428,2024-05-31 15:29:10,5,0,68,email,6206.64,0
Lead_429,2024-07-08 04:14:06,2,1,68,email,1858.77,1
Lead_430,2024-09-14 07:36:11,1,1,80,email,64.26,0
Lead_431,2024-06-23 00:27:05,0,1,29,ads,774.33,0
Lead_432,2024-04-24 21:39:06,4,1,72,ads,1936.62,0
Lead_433,2023-07-24 15:48:57,3,1,5,email,1657.01,0
Lead_434,2023-06-22 16:11:35,4,1,88,email,5906.28,0
Lead_435,2023-01-14 13:47:37,1,1,18,ads,2343.56,0
Lead_436,2024-10-11 23:57:23,1,1,79,ads,3510.03,1
Lead_437,2024-09-01 02:47:56,2,1,84,email,1900.81,0
Lead_438,2024-02-21 12:54:27,2,0,65,email,1737.61,0
Lead_439,2023-03-05 00:16:58,1,0,9,organic,1773.32,0
Lead_440,2024-07-20 19:20:36,2,1,15,organic,1587.59,0
Lead_441,2023-10-23 11:48:29,5,0,36,organic,2320.36,0
Lead_442,2023-08-20 08:28:45,2,0,78,organic,864.82,0
Lead_443,2023-01-13 01:06:05,3,1,76,email,6650.74,0
Lead_444,2023-08-11 08:16:02,4,1,76,referral,1215.28,0
Lead_445,2024-05-10 14:27:23,2,0,31,ads,478.83,0
Lead_446,2024-07-15 23:49:04,2,0,108,referral,304.61,0
Lead_447,2024-03-20 20:43:18,2,0,46,email,40.54,0
Lead_448,2023-05-30 12:00:28,5,0,109,referral,1648.99,0
Lead_449,2023-11-26 07:31:21,3,0,71,ads,623.33,0
Lead_450,2023-03-16 19:48:17,2,1,42,email,65.66,0
Lead_451,2024-06-05 20:25:37,4,1,81,referral,2202.03,0
Lead_452,2024-08-31 22:41:52,7,1,119,email,3418.1,0
Lead_453,2024-05-13 03:30:58,1,1,35,email,268.96,0
Lead_454,2024-04-08 11:15:10,7,0,25,email,1853.68,1
Lead_455,2023-02-27 03:44:36,3,1,9,email,4083.39,0
Lead_456,2024-04-13 12:11:17,1,0,30,email,12764.98,0
Lead_457,2023-01-12 21:47:16,2,1,96,organic,3300.55,0
Lead_458,2024-02-04 22:39:56,1,1,28,ads,842.48,0
Lead_459,2024-05-18 09:09:59,4,1,4,ads,3782.2,0
Lead_460,2023-12-26 16:21:46,3,1,76,email,2733.38,0
Lead_461,2023-02-19 04:10:46,2,0,0,referral,714.01,0
Lead_462,2024-10-12 21:20:06,1,0,86,referral,5713.66,0
Lead_463,2023-06-17 19:28:26,2,0,103,referral,1672.73,0
Lead_464,2024-09-03 11:10:27,3,1,2,referral,9808.74,0
Lead_465,2023-09-04 00:32:56,3,1,66,organic,3850.14,0
Lead_466,2024-06-08 17:52:19,1,1,70,organic,3103.22,0
Lead_467,2024-08-04 07:11:10,7,1,99,referral,3909.75,1
Lead_468,2023-07-20 21:13:39,2,0,34,email,1950.82,0
Lead_469,2023-05-19 21:17:31,3,0,14,referral,2110.97,0
Lead_470,2023-03-19 21:02:35,4,0,103,ads,5715.61,1
Lead_471,2023-12-03 17:22:25,3,1,66,referral,3427.02,0
Lead_472,2023-11-04 11:42:13,6,0,92,organic,6826.17,0
Lead_473,2024-02-12 04:23:36,5,1,29,referral,6644.46,0
Lead_474,2023-05-12 09:21:33,2,0,102,organic,11250.99,0
Lead_475,2024-09-24 13:51:40,1,1,81,email,3614.07,0
Lead_476,2024-08-26 07:23:15,5,1,74,email,2093.28,1
Lead_477,2024-07-13 14:56:55,3,1,42,email,545.69,0
Lead_478,2024-05-02 08:25:26,5,0,112,organic,3666.21,0
Lead_479,2024-04-03 02:56:57,1,1,59,organic,1034.14,0
Lead_480,2024-05-20 14:13:52,3,1,101,referral,997.82,0
Lead_481,2024-03-04 04:09:31,3,0,39,referral,816.56,0
Lead_482,2023-06-18 20:58:19,3,1,64,referral,6241.26,1
Lead_483,2023-07-24 11:04:53,2,1,28,organic,6074.05,1
Lead_484,2024-06-21 19:22:51,1,1,73,organic,2990.64,0
Lead_485,2024-06-06 22:55:30,4,1,91,referral,1921.56,0
Lead_486,2023-09-06 03:08:44,1,0,94,referral,3345.27,0
Lead_487,2023-09-05 23:43:52,7,0,18,email,2803.59,0
Lead_488,2023-10-26 10:27:57,2,1,2,referral,1612.2,0
Lead_489,2023-04-20 04:18:22,3,0,35,ads,1432.32,0
Lead_490,2023-07-01 07:51:42,3,1,42,email,1447.66,0
Lead_491,2024-06-08 12:29:52,6,1,14,organic,2668.46,0
Lead_492,2023-02-05 19:26:02,2,1,96,ads,3129.56,0
Lead_493,2023-04-21 05:18:27,1,1,40,organic,1803.03,0
Lead_494,2023-10-02 22:17:14,5,1,106,email,10391.59,0
Lead_495,2024-03-25 10:00:21,2,0,114,ads,262.71,0
Lead_496,2024-05-02 22:25:50,6,0,108,ads,1278.75,0
Lead_497,2023-11-06 05:15:45,3,1,89,email,1629.4,0
Lead_498,2024-03-15 14:01:16,4,1,79,ads,51.2,0
Lead_499,2024-01-02 10:17:53,2,0,35,email,1362.19,0
Lead_500,2023-12-09 05:37:37,0,0,96,email,959.42,0
Lead_501,2023-06-21 18:14:26,3,0,83,email,2115.88,0
Lead_502,2024-04-16 16:37:19,5,1,76,email,1230.27,0
Lead_503,2023-03-19 12:18:40,3,0,32,referral,3885.88,0
Lead_504,2023-05-20 14:28:34,2,1,4,email,2139.64,1
Lead_505,2024-05-10 03:38:10,3,1,100,referral,416.97,0
Lead_506,2023-06-26 23:47:23,3,1,77,referral,4159.62,0
Lead_507,2024-07-17 20:01:54,2,1,90,ads,313.51,1
Lead_508,2023-05-19 01:48:41,2,1,86,organic,5479.97,0
Lead_509,2023-03-10 13:17:33,3,1,13,referral,8039.36,0
Lead_510,2024-05-14 05:52:26,2,1,103,referral,1167.79,1
Lead_511,2024-03-20 22:16:19,1,0,67,email,7816.86,0
Lead_512,2024-08-07 13:57:14,2,1,102,referral,4725.23,0
Lead_513,2024-01-31 20:04:08,4,1,115,organic,7669.94,0
Lead_514,2024-01-05 04:46:58,4,1,82,email,3292.27,0
Lead_515,2023-06-24 05:01:10,4,0,46,email,806.17,0
Lead_516,2023-04-15 08:44:09,3,1,53,email,6747.79,0
Lead_517,2024-10-11 19:43:56,3,1,3,referral,611.0,1
Lead_518,2023-01-01 11:40:47,1,1,93,ads,718.81,0
Lead_519,2023-10-12 22:21:33,4,0,82,referral,948.5,0
Lead_520,2024-02-13 11:20:34,2,0,94,email,1088.28,0
Lead_521,2024-10-13 18:08:51,2,1,94,organic,2167.6,0
Lead_522,2023-10-25 02:42:07,2,1,8,email,3749.6,0
Lead_523,2024-07-20 20:04:15,6,0,52,email,7819.52,0
Lead_524,2023-12-02 10:49:53,1,1,76,ads,277.79,0
Lead_525,2023-02-08 14:10:37,2,0,77,email,9261.53,0
Lead_526,2023-08-06 12:02:30,2,1,118,email,7627.21,0
Lead_527,2024-03-05 07:55:19,2,1,59,email,166.54,0
Lead_528,2023-07-21 19:33:49,5,1,45,ads,1340.37,0
Lead_529,2023-08-01 08:58:01,3,1,53,organic,5032.24,0
Lead_530,2023-10-26 14:54:24,1,0,73,organic,2836.98,0
Lead_531,2024-10-10 07:40:48,3,0,111,ads,4530.05,0
Lead_532,2024-05-22 10:18:41,5,1,94,email,3808.56,0
Lead_533,2024-07-15 07:17:38,4,0,36,ads,2060.12,1
Lead_534,2024-09-14 00:21:19,4,1,22,referral,126.27,0
Lead_535,2023-04-29 20:20:39,5,1,26,email,2633.14,0
Lead_536,2024-03-07 02:32:39,2,1,69,email,149.36,1
Lead_537,2024-01-27 18:22:03,3,0,89,email,2776.95,0
Lead_538,2023-11-09 08:00:34,2,0,65,referral,4834.48,0
Lead_539,2023-11-26 16:49:46,8,0,108,email,2638.37,0
Lead_540,2024-02-09 02:17:18,3,0,60,organic,17449.31,0
Lead_541,2023-01-24 09:01:35,4,0,76,email,1825.68,0
Lead_542,2024-02-04 12:12:43,5,0,50,email,4144.85,0
Lead_543,2024-10-14 07:24:31,4,0,49,ads,3300.76,0
Lead_544,2024-06-15 00:52:34,3,0,18,ads,14279.05,0
Lead_545,2023-05-11 05:52:43,3,1,0,email,3747.11,0
Lead_546,2024-01-16 02:23:53,1,1,39,email,537.49,0
Lead_547,2024-05-11 08:02:43,4,1,31,email,9337.99,0
Lead_548,2023-10-13 17:56:59,4,1,21,email,3305.85,0
Lead_549,2023-06-10 16:33:27,3,1,111,email,183.51,0
Lead_550,2023-10-09 07:56:06,2,1,92,organic,3215.05,0
Lead_551,2024-04-06 07:45:59,5,0,65,ads,6439.81,0
Lead_552,2024-04-03 19:01:16,1,1,39,referral,2581.45,0
Lead_553,2023-10-06 14:03:35,7,1,37,email,1310.96,0
Lead_554,2023-05-28 04:53:06,3,1,47,email,5159.59,0
Lead_555,2023-03-30 23:06:54,4,0,54,email,4576.83,0
Lead_556,2023-01-27 19:27:52,2,1,74,ads,2356.99,1
Lead_557,2023-09-18 13:34:07,0,1,80,ads,502.99,0
Lead_558,2024-10-25 17:11:27,4,0,54,email,866.99,0
Lead_559,2023-11-30 15:39:58,3,0,50,referral,4023.78,0
Lead_560,2024-07-06 05:43:00,4,1,106,ads,4920.96,0
Lead_561,2023-09-05 09:49:55,3,1,59,email,982.45,0
Lead_562,2023-04-05 21:09:35,1,1,7,email,1376.53,0
Lead_563,2023-05-23 03:21:36,0,0,85,ads,242.43,0
Lead_564,2024-06-02 03:40:12,3,1,67,referral,3749.65,0
Lead_565,2023-02-02 16:41:58,2,1,74,email,10.75,0
Lead_566,2024-04-26 13:24:51,6,1,71,email,142.98,0
Lead_567,2023-10-07 11:14:33,2,1,8,ads,13.06,0
Lead_568,2023-06-02 02:44:33,4,0,89,email,3109.61,0
Lead_569,2023-08-09 00:55:59,3,1,1,referral,1620.7,0
Lead_570,2024-10-24 14:25:19,7,1,79,referral,1059.53,0
Lead_571,2024-03-08 12:18:37,5,1,94,email,7315.25,0
Lead_572,2023-04-18 01:35:37,4,1,69,email,642.56,0
Lead_573,2024-06-21 02:09:01,1,1,116,referral,1479.78,0
Lead_574,2023-07-14 10:50:28,6,0,84,email,8455.86,0
Lead_575,2024-03-04 20:53:49,1,0,89,email,1671.17,0
Lead_576,2024-08-28 08:50:31,2,0,58,referral,2426.98,0
Lead_577,2024-08-19 18:41:44,1,0,18,email,251.24,0
Lead_578,2024-02-09 15:35:36,3,0,27,ads,4684.32,0
Lead_579,2023-12-02 14:11:50,2,1,71,email,1648.49,1
Lead_580,2023-06-29 05:41:50,1,0,13,referral,4836.05,0
Lead_581,2023-03-26 15:55:34,0,0,23,email,878.28,0
Lead_582,2024-04-27 16:36:23,1,0,111,organic,1647.03,0
Lead_583,2023-05-06 05:45:45,1,1,43,referral,4633.04,0
Lead_584,2023-03-22 14:03:49,5,1,100,email,10934.91,0
Lead_585,2024-02-18 16:55:26,2,0,55,ads,184.43,0
Lead_586,2024-07-27 15:22:25,6,0,89,email,5021.23,0
Lead_587,2023-09-16 05:13:14,2,0,94,ads,1072.98,0
Lead_588,2023-08-08 16:35:23,5,1,119,organic,2400.48,0
Lead_589,2023-10-15 13:03:53,2,1,50,ads,1027.86,0
Lead_590,2023-07-09 03:49:41,1,1,31,email,2851.45,0
Lead_591,2023-04-18 18:03:08,1,0,49,referral,1309.95,0
Lead_592,2024-09-28 02:10:42,2,1,40,email,1217.66,0
Lead_593,2024-06-09 01:04:27,3,1,65,referral,116.03,0
Lead_594,2024-01-10 22:10:23,2,0,24,referral,476.85,0
Lead_595,2023-07-17 20:10:31,1,1,115,email,7469.57,0
Lead_596,2024-02-23 15:54:07,5,0,107,email,19091.81,0
Lead_597,2023-04-11 03:49:50,5,1,60,referral,4549.49,0
Lead_598,2024-10-12 09:54:14,2,0,65,referral,1014.03,0
Lead_599,2023-01-07 19:58:14,1,1,41,email,1544.73,1
Lead_600,2023-04-23 20:07:40,3,0,64,email,4035.5,0
Lead_601,2024-03-27 14:55:16,0,0,35,ads,10374.59,0
Lead_602,2024-02-20 22:02:43,2,1,75,email,1823.5,0
Lead_603,2023-12-05 18:50:23,6,1,8,email,5307.45,0
Lead_604,2024-07-28 17:20:40,7,1,35,email,11074.92,0
Lead_605,2024-02-28 22:14:15,3,0,104,email,6201.9,0
Lead_606,2024-02-22 03:32:09,3,0,91,ads,773.01,1
Lead_607,2024-06-23 21:13:21,3,1,37,organic,24.19,0
Lead_608,2024-08-12 17:55:41,1,0,32,referral,2032.3,0
Lead_609,2024-07-11 06:15:17,3,1,41,email,2273.77,0
Lead_610,2024-04-17 18:20:04,4,0,60,ads,674.12,0
Lead_611,2024-02-14 22:05:48,4,0,45,ads,1005.05,0
Lead_612,2023-02-15 09:18:22,1,1,85,email,4346.47,0
Lead_613,2023-07-19 14:03:56,3,1,88,organic,1906.6,0
Lead_614,2024-02-03 00:59:00,0,1,60,ads,1145.34,0
Lead_615,2023-07-06 13:39:50,2,1,17,organic,2923.56,0
Lead_616,2023-07-01 03:45:21,4,1,69,ads,3173.22,0
Lead_617,2023-07-04 02:26:10,6,1,81,referral,4401.16,0
Lead_618,2023-10-09 15:51:10,3,1,115,email,511.33,0
Lead_619,2024-07-12 12:13:18,2,1,79,ads,4058.78,0
Lead_620,2023-03-18 00:57:51,4,1,14,email,2744.59,0
Lead_621,2024-03-22 08:53:30,2,1,47,organic,177.89,0
Lead_622,2023-10-11 21:59:08,4,1,71,referral,4507.75,0
Lead_623,2023-10-14 18:51:47,2,0,12,organic,1449.05,0
Lead_624,2023-03-13 02:31:16,6,0,118,referral,1203.14,0
Lead_625,2024-05-16 13:00:18,2,1,42,organic,1783.03,0
Lead_626,2023-01-05 01:04:21,0,1,59,email,1274.75,0
Lead_627,2024-05-04 02:50:51,5,0,56,ads,1238.76,0
Lead_628,2023-09-15 10:38:23,3,0,70,referral,4951.99,0
Lead_629,2023-06-02 09:29:47,2,1,16,referral,398.9,0
Lead_630,2023-05-04 01:49:44,5,1,49,referral,10580.29,0
Lead_631,2023-06-18 15:47:37,4,1,31,email,2428.58,0
Lead_632,2024-05-17 05:25:59,4,1,21,email,606.07,0
Lead_633,2023-04-17 14:15:55,7,1,54,organic,421.98,1
Lead_634,2024-06-29 14:40:26,2,1,114,ads,2685.86,0
Lead_635,2024-02-11 05:43:07,2,0,56,email,3007.18,0
Lead_636,2023-08-22 08:07:04,5,1,12,referral,163.45,0
Lead_637,2024-06-30 17:36:00,4,1,46,organic,835.18,0
Lead_638,2024-10-08 09:59:05,3,1,86,email,4761.0,1
Lead_639,2023-05-23 08:31:22,2,1,61,organic,152.69,1
Lead_640,2023-08-15 14:30:41,4,1,53,organic,5794.9,0
Lead_641,2024-07-21 12:16:19,4,1,28,organic,3220.26,1
Lead_642,2023-09-09 07:13:28,5,0,21,organic,1709.73,0
Lead_643,2024-03-17 03:09:41,1,1,64,ads,1275.93,1
Lead_644,2023-01-04 14:30:04,2,0,28,email,58.31,0
Lead_645,2024-08-31 06:58:41,1,0,47,email,5232.59,0
Lead_646,2024-02-29 08:53:10,4,1,4,email,461.98,0
Lead_647,2024-05-28 01:55:50,1,1,34,ads,1111.2,0
Lead_648,2024-06-29 09:31:08,3,1,118,email,2525.69,0
Lead_649,2023-08-17 23:08:16,1,0,73,email,847.06,0
Lead_650,2024-09-13 07:37:04,2,0,82,email,2062.33,0
Lead_651,2023-03-21 02:14:12,5,0,100,email,4971.84,0
Lead_652,2024-02-23 05:59:23,4,1,70,organic,1907.68,1
Lead_653,2023-07-12 05:27:37,3,0,45,email,8926.46,0
Lead_654,2023-06-02 20:29:30,3,1,34,ads,5641.78,0
Lead_655,2023-05-03 05:06:05,5,1,44,ads,1215.07,0
Lead_656,2024-07-27 21:10:28,3,1,12,email,1532.29,0
Lead_657,2024-08-02 17:11:39,2,1,9,organic,1651.44,0
Lead_658,2023-02-16 21:34:18,1,0,65,ads,2951.94,0
Lead_659,2023-06-06 15:33:54,2,1,69,email,1013.96,0
Lead_660,2024-07-05 12:42:40,1,1,71,email,10445.51,0
Lead_661,2023-01-12 22:17:03,2,1,99,email,2814.72,0
Lead_662,2024-07-19 10:01:40,1,0,24,email,1529.49,0
Lead_663,2024-08-04 03:01:46,3,0,43,email,3107.0,0
Lead_664,2024-02-14 19:45:18,3,1,59,ads,1509.59,0
Lead_665,2024-04-27 11:25:25,6,1,46,organic,5107.88,0
Lead_666,2024-08-28 09:35:22,5,1,39,referral,2516.88,0
Lead_667,2023-09-06 02:29:13,6,0,6,email,128.63,0
Lead_668,2023-12-02 23:25:06,1,1,45,email,583.51,1
Lead_669,2023-02-22 12:46:05,2,1,22,ads,6007.31,0
Lead_670,2023-05-19 19:02:43,4,1,82,email,2482.78,0
Lead_671,2023-05-25 15:37:40,2,1,45,email,9007.88,0
Lead_672,2023-01-16 14:11:00,1,0,85,organic,225.54,0
Lead_673,2024-05-03 05:26:03,4,1,12,email,1049.78,0
Lead_674,2024-02-10 19:55:39,4,1,20,organic,645.32,1
Lead_675,2024-03-24 19:39:05,1,1,0,email,2421.23,1
Lead_676,2023-06-08 00:44:30,4,1,18,organic,1447.65,1
Lead_677,2023-07-05 08:33:54,3,0,59,referral,513.34,0
Lead_678,2024-05-13 05:15:03,1,1,32,referral,3087.97,0
Lead_679,2023-03-24 11:42:38,2,0,3,email,2305.54,0
Lead_680,2023-06-17 12:05:59,1,0,105,organic,963.66,0
Lead_681,2024-01-08 20:12:05,2,1,2,organic,1960.46,0
Lead_682,2023-01-08 20:35:35,2,1,90,referral,4108.17,0
Lead_683,2023-08-31 04:06:16,3,1,51,ads,689.26,1
Lead_684,2023-12-08 03:26:07,4,0,104,referral,1039.77,0
Lead_685,2023-07-19 03:07:54,4,1,98,email,1274.45,0
Lead_686,2023-08-04 20:06:58,0,1,27,ads,4119.86,0
Lead_687,2024-03-16 15:40:16,3,1,69,organic,5630.43,0
Lead_688,2024-10-23 10:40:54,0,0,69,email,1416.68,0
Lead_689,2024-04-30 16:06:20,3,1,54,email,1055.58,0
Lead_690,2024-10-15 01:57:16,1,1,56,ads,6606.77,0
Lead_691,2023-12-30 18:14:22,4,1,107,referral,22085.34,0
Lead_692,2024-07-19 11:53:50,5,1,86,email,3329.2,0
Lead_693,2024-04-06 19:21:38,1,0,96,email,13809.7,0
Lead_694,2023-03-24 13:26:02,3,1,15,email,3236.13,0
Lead_695,2023-03-12 01:50:29,3,0,23,referral,3966.7,0
Lead_696,2024-01-15 10:42:01,3,0,68,email,1476.29,0
Lead_697,2023-05-01 10:10:09,2,1,40,referral,1702.02,0
Lead_698,2023-03-18 00:08:43,3,0,105,email,466.93,0
Lead_699,2024-03-16 14:27:29,3,1,76,referral,5190.58,0
Lead_700,2023-11-01 00:16:19,4,1,46,organic,8023.51,0
Lead_701,2024-06-02 21:04:23,3,0,75,email,2930.02,0
Lead_702,2024-08-10 02:44:01,1,1,68,email,1263.17,0
Lead_703,2024-02-15 05:14:47,2,0,100,organic,501.77,0
Lead_704,2024-10-14 09:27:43,4,1,30,email,924.29,0
Lead_705,2024-09-08 21:14:50,1,0,91,email,884.77,0
Lead_706,2024-07-06 02:34:39,4,1,91,organic,2852.09,1
Lead_707,2023-06-16 19:32:37,2,1,29,organic,8703.31,0
Lead_708,2024-04-13 03:40:28,1,1,17,ads,148.43,1
Lead_709,2023-04-18 15:20:42,5,0,43,email,3.07,0
Lead_710,2024-04-09 08:06:37,6,0,26,email,2750.24,0
Lead_711,2024-04-05 01:12:23,1,1,98,email,1002.48,1
Lead_712,2024-01-12 10:38:35,7,0,25,referral,6374.53,0
Lead_713,2023-12-06 14:54:02,4,1,102,referral,1189.15,0
Lead_714,2023-01-22 00:27:05,3,1,112,organic,1026.36,0
Lead_715,2024-03-17 18:05:08,3,0,114,email,942.12,0
Lead_716,2024-10-29 09:08:54,0,0,59,ads,469.45,0
Lead_717,2023-01-11 06:24:34,3,0,17,email,2613.45,0
Lead_718,2024-02-20 09:29:13,3,0,96,email,552.54,0
Lead_719,2024-09-23 07:39:21,1,1,88,referral,1658.23,1
Lead_720,2024-10-24 05:26:07,0,0,55,email,1853.96,0
Lead_721,2023-12-20 11:07:12,2,1,30,referral,62.11,1
Lead_722,2024-02-16 10:09:43,4,1,100,referral,50.85,0
Lead_723,2024-08-06 07:06:55,6,1,58,organic,2203.24,0
Lead_724,2024-06-30 09:51:31,3,1,1,referral,3572.53,0
Lead_725,2023-06-25 14:51:54,3,1,96,organic,8549.32,0
Lead_726,2023-10-10 22:42:21,2,1,38,ads,592.13,0
Lead_727,2023-05-15 08:59:55,1,1,60,email,326.96,0
Lead_728,2024-06-03 16:51:59,0,1,106,ads,160.48,0
Lead_729,2024-02-03 01:15:12,2,1,106,ads,1718.32,0
Lead_730,2023-03-11 12:01:38,6,1,62,referral,2927.7,0
Lead_731,2024-09-11 19:21:53,6,1,95,referral,5508.14,0
Lead_732,2024-01-26 20:30:40,3,0,17,email,3443.2,0
Lead_733,2023-12-10 11:15:05,3,0,16,email,700.95,0
Lead_734,2023-10-28 17:43:45,2,0,97,email,1858.41,0
Lead_735,2024-09-05 16:06:04,5,1,38,referral,7235.4,0
Lead_736,2024-06-29 01:47:50,3,0,70,referral,1186.88,1
Lead_737,2023-01-09 05:10:19,2,1,105,referral,2071.83,0
Lead_738,2023-09-20 08:11:20,2,1,53,email,9550.91,0
Lead_739,2024-07-10 08:12:56,2,1,116,email,3980.77,0
Lead_740,2024-09-19 06:36:47,3,0,98,referral,4131.89,0
Lead_741,2023-07-31 16:04:24,1,1,93,referral,872.4,1
Lead_742,2023-06-28 17:11:39,6,1,75,ads,1606.88,0
Lead_743,2024-07-26 19:18:55,4,1,34,referral,257.79,0
Lead_744,2023-11-18 08:47:59,6,0,10,email,2798.22,0
Lead_745,2023-04-18 09:39:04,2,0,60,referral,328.54,0
Lead_746,2024-08-02 19:03:40,5,1,43,organic,5422.01,0
Lead_747,2023-06-03 13:32:41,2,1,67,referral,5054.97,0
Lead_748,2024-08-19 22:31:44,3,1,24,ads,2288.17,1
Lead_749,2024-07-20 00:43:37,6,0,47,ads,456.54,1
Lead_750,2024-05-20 13:07:50,6,1,31,referral,77.74,0
Lead_751,2023-09-04 12:49:33,5,0,83,referral,4779.35,0
Lead_752,2023-05-28 21:54:13,4,1,113,ads,2749.93,0
Lead_753,2023-09-11 08:21:09,3,0,94,referral,3723.26,0
Lead_754,2024-01-13 09:23:27,1,1,3,email,1086.39,1
Lead_755,2024-05-07 02:51:17,4,1,117,organic,2136.88,0
Lead_756,2023-06-23 11:21:33,3,1,37,referral,4125.16,0
Lead_757,2023-04-21 09:14:15,4,1,116,email,1862.83,0
Lead_758,2023-06-23 01:01:25,2,1,62,ads,2759.27,1
Lead_759,2024-02-29 11:26:48,2,0,46,email,4678.06,0
Lead_760,2024-10-04 03:33:50,4,1,0,email,727.06,0
Lead_761,2024-01-01 11:01:40,4,0,2,email,204.61,0
Lead_762,2024-01-17 22:03:24,1,0,100,referral,2276.73,0
Lead_763,2023-08-17 09:23:48,2,1,85,organic,192.42,1
Lead_764,2024-04-05 23:17:52,4,0,61,ads,4364.46,0
Lead_765,2024-03-25 22:07:50,2,0,63,ads,3810.46,0
Lead_766,2024-05-27 22:20:58,3,1,16,ads,6403.92,0
Lead_767,2024-02-25 11:13:28,5,0,77,email,3061.31,0
Lead_768,2023-10-04 09:28:49,2,1,104,email,208.69,0
Lead_769,2023-08-30 10:13:20,2,1,61,referral,875.68,1
Lead_770,2024-07-10 14:50:58,2,0,34,organic,4949.71,0
Lead_771,2024-06-12 12:30:34,2,1,12,ads,548.64,0
Lead_772,2024-05-09 08:22:37,4,1,34,referral,3596.76,0
Lead_773,2023-03-28 10:02:19,2,1,42,organic,4545.92,0
Lead_774,2023-10-26 14:43:39,2,0,1,email,1201.93,0
Lead_775,2024-10-04 21:54:11,3,0,55,referral,1167.14,0
Lead_776,2023-07-22 23:54:10,2,1,110,referral,2448.0,0
Lead_777,2023-09-06 06:31:00,2,0,76,ads,5926.03,0
Lead_778,2023-10-08 16:40:59,2,0,50,email,760.45,0
Lead_779,2024-04-18 02:46:15,5,1,53,referral,8503.81,0
Lead_780,2023-09-28 07:27:11,4,1,15,referral,2742.27,0
Lead_781,2023-09-14 01:48:29,4,0,17,email,14532.75,0
Lead_782,2024-04-17 15:04:27,4,0,6,ads,281.66,0
Lead_783,2023-05-13 17:05:42,4,0,44,email,405.95,0
Lead_784,2024-03-09 09:43:14,4,1,35,organic,5257.19,0
Lead_785,2024-01-30 23:16:28,0,1,40,ads,6002.02,0
Lead_786,2023-07-14 10:17:10,1,1,93,organic,1768.84,1
Lead_787,2023-11-10 12:21:29,4,1,41,email,3756.04,0
Lead_788,2023-12-23 16:16:26,1,1,104,email,6064.82,0
Lead_789,2023-03-19 15:26:23,4,0,6,email,132.26,0
Lead_790,2023-12-04 07:59:14,1,1,14,email,2559.6,0
Lead_791,2023-10-11 13:57:40,2,0,59,email,5761.79,1
Lead_792,2023-11-30 11:40:03,2,1,39,ads,1523.27,0
Lead_793,2023-09-26 11:59:25,1,1,82,email,1080.26,0
Lead_794,2024-07-16 01:58:52,4,1,106,ads,4764.6,1
Lead_795,2023-10-08 20:34:35,7,1,36,email,1227.46,0
Lead_796,2023-07-20 00:58:23,3,1,65,ads,9.54,0
Lead_797,2024-04-23 18:54:09,4,0,105,referral,9624.74,0
Lead_798,2024-10-29 20:14:54,5,0,111,referral,2690.37,0
Lead_799,2024-02-23 03:46:48,3,1,54,organic,5136.37,0
Lead_800,2023-07-16 00:29:14,2,1,76,email,5234.08,0
Lead_801,2024-02-04 16:13:11,3,0,103,ads,206.16,0
Lead_802,2024-02-21 15:46:37,2,1,104,ads,562.1,0
Lead_803,2023-05-08 00:25:43,2,1,106,ads,1118.07,1
Lead_804,2023-05-25 02:51:07,4,1,106,referral,1160.07,0
Lead_805,2023-12-27 12:56:48,1,0,118,ads,3225.74,0
Lead_806,2024-10-25 09:26:59,5,1,94,ads,2927.59,0
Lead_807,2024-08-24 16:46:05,2,1,79,ads,2047.15,0
Lead_808,2024-05-26 03:14:57,3,0,105,organic,711.97,0
Lead_809,2023-10-21 17:43:47,6,1,55,organic,1443.72,1
Lead_810,2023-11-18 18:34:32,3,1,43,email,2353.12,0
Lead_811,2023-03-07 23:09:40,3,1,56,email,1893.25,0
Lead_812,2023-07-16 17:23:46,7,0,5,organic,408.46,0
Lead_813,2023-05-29 03:10:23,3,1,91,organic,3145.27,0
Lead_814,2023-07-23 10:01:12,1,0,31,email,227.57,0
Lead_815,2024-04-30 13:22:15,0,0,107,email,1425.38,0
Lead_816,2024-03-27 00:30:41,3,1,73,organic,3713.93,0
Lead_817,2024-01-10 13:14:15,1,0,113,referral,60.68,0
Lead_818,2023-02-22 03:15:36,2,1,17,email,2531.79,1
Lead_819,2023-11-17 22:36:10,1,1,67,ads,1221.74,0
Lead_820,2024-01-18 03:43:50,3,1,72,organic,26.61,0
Lead_821,2024-08-11 01:47:48,1,1,6,organic,633.58,0
Lead_822,2023-05-13 05:43:06,2,1,113,referral,8487.92,1
Lead_823,2023-05-18 12:00:44,4,1,7,referral,2209.1,0
Lead_824,2023-04-24 10:08:02,3,1,63,email,17663.7,1
Lead_825,2024-04-21 16:10:15,4,0,106,organic,2232.16,0
Lead_826,2024-09-19 02:24:26,2,1,6,email,2355.37,0
Lead_827,2023-01-25 03:23:40,2,0,40,organic,1491.97,0
Lead_828,2023-11-16 03:57:27,3,1,39,email,1113.37,0
Lead_829,2024-04-29 00:32:56,1,1,2,organic,869.23,0
Lead_830,2024-10-27 08:09:34,2,1,16,email,1262.14,1
Lead_831,2023-06-15 15:46:25,4,1,65,ads,1847.73,0
Lead_832,2024-08-13 21:52:31,6,1,78,email,639.55,0
Lead_833,2023-04-22 04:05:36,4,0,109,referral,764.19,0
Lead_834,2023-04-04 02:07:45,1,0,92,organic,950.49,0
Lead_835,2023-07-20 11:48:45,4,0,113,referral,1789.48,0
Lead_836,2023-05-13 09:53:10,4,1,111,ads,3173.68,0
Lead_837,2023-06-05 08:05:27,1,0,51,email,5816.87,0
Lead_838,2023-01-15 01:03:36,5,1,21,organic,1015.38,0
Lead_839,2024-03-17 07:59:49,2,1,3,referral,609.02,1
Lead_840,2023-05-12 14:19:52,1,0,115,referral,1428.54,0
Lead_841,2024-10-23 07:19:19,4,0,5,referral,6743.81,0
Lead_842,2023-02-03 20:09:25,3,1,37,referral,29.73,0
Lead_843,2023-07-27 15:09:57,3,1,25,ads,3398.39,0
Lead_844,2023-08-27 08:51:31,6,1,10,referral,1945.44,0
Lead_845,2023-05-06 19:23:22,4,0,89,referral,526.8,0
Lead_846,2023-01-25 14:32:43,9,1,16,organic,1161.5,1
Lead_847,2024-10-27 03:43:38,3,0,87,organic,764.48,0
Lead_848,2024-05-12 18:44:04,2,1,91,email,6307.08,0
Lead_849,2023-04-04 07:51:05,3,1,98,email,1972.61,0
Lead_850,2023-05-14 14:58:09,2,1,30,email,2484.11,0
Lead_851,2023-12-16 10:53:57,5,1,76,email,2701.9,0
Lead_852,2023-01-28 16:12:18,4,1,117,referral,3061.76,0
Lead_853,2023-07-04 06:37:16,3,0,34,organic,2052.89,0
Lead_854,2023-12-14 09:37:32,5,0,15,email,54.11,0
Lead_855,2023-10-26 03:15:01,3,0,78,ads,1222.65,0
Lead_856,2024-06-23 21:08:07,1,0,106,organic,609.56,0
Lead_857,2024-07-29 10:14:48,3,0,17,organic,3419.64,0
Lead_858,2023-12-04 05:20:39,7,1,110,ads,175.13,1
Lead_859,2023-01-23 21:29:56,3,0,100,referral,2488.99,0
Lead_860,2023-10-01 05:30:52,2,1,111,ads,709.57,1
Lead_861,2023-05-24 19:41:00,5,1,61,email,8918.73,1
Lead_862,2023-12-19 12:44:02,2,1,111,email,1226.35,1
Lead_863,2024-09-01 06:28:19,4,1,112,email,1180.11,0
Lead_864,2024-10-20 08:01:42,1,1,104,email,7706.87,0
Lead_865,2024-05-31 17:42:45,3,0,26,organic,1620.5,0
Lead_866,2023-08-11 10:21:27,8,1,118,referral,9879.37,0
Lead_867,2023-02-21 02:49:45,3,1,34,ads,73.4,0
Lead_868,2024-03-12 04:53:58,5,1,115,ads,1097.34,0
Lead_869,2024-02-26 11:38:31,6,1,44,email,3291.58,0
Lead_870,2024-06-15 05:06:49,5,1,117,referral,6645.29,0
Lead_871,2023-03-26 05:59:14,4,1,34,organic,888.78,0
Lead_872,2024-07-19 00:20:13,3,1,27,email,7998.32,0
Lead_873,2023-08-11 06:20:34,4,1,102,email,2705.1,0
Lead_874,2024-03-07 07:03:31,0,0,101,referral,4843.48,0
Lead_875,2024-09-14 17:05:15,8,0,8,ads,1518.55,0
Lead_876,2023-07-07 18:46:47,2,1,75,ads,715.46,0
Lead_877,2023-06-10 04:37:10,4,1,14,referral,7265.3,0
Lead_878,2024-05-25 20:17:18,0,1,20,ads,8115.28,0
Lead_879,2024-06-17 19:27:20,1,0,51,email,2064.93,0
Lead_880,2023-03-05 19:00:09,7,1,34,email,19.55,0
Lead_881,2023-01-08 21:49:19,4,1,105,ads,348.87,0
Lead_882,2023-01-29 14:31:12,5,0,96,organic,2553.11,0
Lead_883,2024-06-30 07:45:10,1,1,50,organic,72.19,0
Lead_884,2024-07-19 04:41:03,5,1,82,organic,1517.08,0
Lead_885,2024-06-26 23:48:07,1,1,54,referral,1084.5,0
Lead_886,2024-08-31 10:17:41,2,0,86,ads,3758.95,0
Lead_887,2024-07-02 18:32:28,1,0,76,referral,171.55,0
Lead_888,2023-07-09 09:42:48,4,0,43,organic,2012.58,0
Lead_889,2023-04-13 10:11:08,3,1,64,email,2596.18,0
Lead_890,2024-04-23 22:19:31,1,1,114,ads,2881.44,0
Lead_891,2024-04-04 05:33:15,3,0,92,referral,1558.38,0
Lead_892,2024-07-31 03:08:03,2,0,87,referral,1088.8,0
Lead_893,2024-10-24 14:04:26,2,1,79,email,3441.77,0
Lead_894,2023-04-05 08:58:07,1,0,24,ads,5643.13,0
Lead_895,2024-08-20 11:26:47,3,1,118,referral,3548.76,0
Lead_896,2024-03-09 15:09:11,2,1,86,ads,8069.26,1
Lead_897,2023-10-03 07:13:48,3,0,91,referral,3789.72,0
Lead_898,2024-09-13 13:00:38,3,1,46,email,4339.65,0
Lead_899,2024-07-26 03:55:55,5,0,79,organic,551.42,0
Lead_900,2023-06-27 13:31:13,6,1,106,ads,1631.8,0
Lead_901,2024-03-25 08:53:51,3,1,55,ads,1991.09,0
Lead_902,2023-07-30 15:22:35,5,0,37,email,888.33,0
Lead_903,2024-06-17 01:58:47,2,0,10,email,2255.76,0
Lead_904,2023-03-18 11:14:57,2,1,66,referral,1030.82,0
Lead_905,2024-05-01 00:29:22,4,1,14,ads,3489.47,0
Lead_906,2024-02-08 01:16:30,3,0,0,ads,1906.27,0
Lead_907,2024-07-20 00:15:15,2,1,6,email,1841.94,0
Lead_908,2024-09-24 10:59:01,1,0,0,organic,12339.21,0
Lead_909,2023-05-20 15:06:32,5,0,48,referral,1494.94,0
Lead_910,2023-03-14 01:32:24,3,1,95,email,1349.64,0
Lead_911,2023-04-30 08:10:01,4,1,72,referral,1150.84,0
Lead_912,2024-08-21 20:26:00,1,1,28,organic,6754.23,1
Lead_913,2024-03-24 06:38:04,3,0,25,referral,2059.85,0
Lead_914,2023-09-04 16:24:26,4,1,86,email,2748.98,0
Lead_915,2023-09-13 16:47:23,2,1,44,referral,598.35,0
Lead_916,2023-05-23 23:35:09,2,1,106,email,2335.74,0
Lead_917,2023-06-24 13:29:37,2,1,92,email,963.3,0
Lead_918,2024-10-26 18:35:59,4,1,115,email,3935.09,0
Lead_919,2023-11-24 11:20:16,5,1,101,ads,5360.82,0
Lead_920,2024-01-23 16:53:49,2,0,96,email,3763.81,0
Lead_921,2024-06-13 16:30:07,2,0,70,organic,3930.71,0
Lead_922,2024-06-11 19:50:33,4,0,11,email,2155.24,0
Lead_923,2023-05-27 21:33:04,0,1,94,email,3735.61,0
Lead_924,2023-02-24 19:18:26,3,1,31,ads,1648.11,0
Lead_925,2023-12-30 01:43:36,0,0,117,email,3162.26,0
Lead_926,2023-07-25 22:30:30,2,1,19,ads,899.42,1
Lead_927,2023-08-26 22:06:07,2,0,118,email,216.93,0
Lead_928,2024-10-02 01:07:13,1,0,50,email,1600.61,0
Lead_929,2024-05-25 03:27:35,4,1,80,email,1858.45,1
Lead_930,2024-09-30 07:56:38,5,0,35,ads,888.78,0
Lead_931,2024-03-25 03:48:09,1,0,66,email,3902.66,0
Lead_932,2024-01-24 01:27:18,4,1,0,referral,229.19,0
Lead_933,2023-07-14 01:46:42,0,1,113,referral,755.97,0
Lead_934,2024-04-01 21:40:54,6,1,26,referral,4141.71,0
Lead_935,2024-08-24 17:59:15,5,1,116,ads,1724.09,0
Lead_936,2024-03-06 10:15:55,1,1,110,ads,3665.23,0
Lead_937,2023-07-31 20:42:08,5,1,39,organic,2514.42,0
Lead_938,2024-08-18 06:37:36,1,0,96,email,9030.27,0
Lead_939,2024-07-29 08:16:58,4,1,83,email,2732.39,0
Lead_940,2024-08-20 13:46:37,2,1,13,email,44.94,0
Lead_941,2023-11-13 20:56:28,1,0,99,email,1305.66,0
Lead_942,2023-01-27 07:41:22,3,1,68,email,463.16,0
Lead_943,2024-08-22 02:28:52,3,0,86,referral,7756.18,0
Lead_944,2023-11-28 22:33:44,6,1,108,ads,329.49,0
Lead_945,2024-10-04 05:56:20,0,1,119,organic,1471.63,0
Lead_946,2023-05-13 11:07:56,3,1,78,email,768.93,0
Lead_947,2023-06-25 22:25:53,5,0,5,email,5626.51,0
Lead_948,2024-10-07 06:39:25,1,1,32,organic,1106.96,1
Lead_949,2024-09-30 21:41:09,3,0,54,organic,14445.26,0
Lead_950,2024-02-11 13:42:41,4,1,18,ads,118.15,0
Lead_951,2024-03-08 02:35:18,2,1,76,ads,411.85,0
Lead_952,2023-04-11 02:53:34,3,1,28,organic,763.28,1
Lead_953,2023-12-20 20:18:32,7,0,60,ads,4999.71,0
Lead_954,2024-01-28 00:49:35,1,0,69,email,6323.95,0
Lead_955,2024-04-28 13:57:51,3,1,78,organic,222.4,0
Lead_956,2023-04-30 08:38:09,3,1,79,ads,99.0,0
Lead_957,2023-06-29 10:08:31,1,1,23,email,4094.27,0
Lead_958,2023-08-21 18:37:35,1,1,22,ads,429.37,0
Lead_959,2024-07-15 22:06:26,2,1,111,ads,428.14,0
Lead_960,2023-05-25 01:45:13,2,0,9,organic,67.86,0
Lead_961,2023-09-26 13:04:41,6,0,53,email,153.27,0
Lead_962,2023-07-14 06:23:03,1,1,104,organic,918.25,0
Lead_963,2023-01-06 00:28:25,3,1,40,ads,201.64,0
Lead_964,2024-05-03 20:02:21,3,0,48,ads,1380.77,0
Lead_965,2023-11-05 12:03:33,4,0,16,email,5365.25,0
Lead_966,2024-08-31 14:13:58,2,1,112,referral,1185.0,0
Lead_967,2024-07-15 10:51:53,3,1,55,organic,3904.03,0
Lead_968,2024-03-07 17:05:25,4,1,107,email,295.85,0
Lead_969,2024-10-08 17:33:39,2,1,44,email,3230.92,0
Lead_970,2024-09-27 21:05:57,3,1,29,ads,1142.67,0
Lead_971,2023-12-12 23:55:55,2,1,43,referral,4155.92,0
Lead_972,2023-08-03 12:33:12,4,0,109,email,439.42,0
Lead_973,2024-09-14 10:08:37,1,1,73,referral,6844.92,0
Lead_974,2023-10-22 16:11:15,3,1,54,ads,833.5,0
Lead_975,2023-12-04 05:49:36,5,1,18,email,1306.87,1
Lead_976,2024-03-28 00:28:32,2,0,28,ads,8998.06,1
Lead_977,2024-01-06 18:14:43,4,0,1,email,2591.68,0
Lead_978,2023-05-17 23:11:03,2,1,35,referral,1366.04,0
Lead_979,2023-11-24 07:27:57,1,1,18,referral,8963.42,0
Lead_980,2023-03-13 16:14:53,3,0,6,ads,1197.3,0
Lead_981,2023-03-13 18:10:07,4,1,25,email,299.03,0
Lead_982,2023-08-15 03:13:21,7,1,78,email,17280.0,1
Lead_983,2023-01-13 20:25:58,4,1,110,organic,935.29,0
Lead_984,2023-04-25 07:08:04,6,1,119,ads,5716.62,0
Lead_985,2023-06-26 23:01:17,4,1,37,ads,542.91,0
Lead_986,2024-02-20 08:36:12,1,0,2,ads,3943.08,0
Lead_987,2024-08-13 23:19:01,1,0,101,ads,2229.85,0
Lead_988,2024-01-19 06:17:03,7,1,79,email,11875.23,0
Lead_989,2023-01-28 05:34:02,4,0,65,email,2414.45,0
Lead_990,2024-05-22 19:53:01,3,1,94,email,76.0,0
Lead_991,2024-09-15 17:01:03,3,1,91,referral,2778.1,0
Lead_992,2023-11-07 22:28:15,3,1,70,email,471.07,0
Lead_993,2023-06-24 01:08:43,3,0,93,email,4806.51,0
Lead_994,2024-09-05 09:19:02,1,1,42,referral,5825.69,1
Lead_995,2023-04-15 09:36:22,1,1,61,email,1973.88,0
Lead_996,2024-08-15 19:29:02,3,0,70,referral,4586.64,0
Lead_997,2024-02-07 13:45:53,0,0,99,email,470.35,0
Lead_998,2024-08-24 13:08:45,3,0,92,email,2032.28,0
Lead_999,2024-01-03 06:23:40,3,1,23,ads,1502.35,1
Lead_1000,2024-04-12 23:57:40,0,1,115,email,2834.98,0
Lead_1001,2023-04-09 00:26:06,2,1,38,organic,136.49,1
Lead_1002,2024-07-29 18:19:44,1,1,67,ads,4184.47,0
Lead_1003,2024-08-06 02:26:18,2,0,92,email,247.31,0
Lead_1004,2023-01-19 11:40:11,4,1,43,email,3205.46,0
Lead_1005,2024-08-13 11:48:59,4,1,4,ads,55.89,0
Lead_1006,2023-06-19 04:09:36,1,0,54,email,5349.38,0
Lead_1007,2023-06-06 16:31:18,3,1,92,email,576.02,0
Lead_1008,2024-05-12 21:34:59,3,1,29,ads,2173.9,1
Lead_1009,2023-04-30 08:02:16,2,0,28,organic,909.37,0
Lead_1010,2024-06-29 05:45:56,2,0,25,ads,3847.39,0
Lead_1011,2024-04-25 16:20:23,3,0,82,referral,1162.95,0
Lead_1012,2023-07-12 18:49:14,2,1,25,organic,3868.69,0
Lead_1013,2023-09-27 05:32:59,3,1,36,email,1005.88,1
Lead_1014,2023-03-24 06:02:29,2,0,90,organic,4188.71,0
Lead_1015,2024-03-28 11:05:14,1,1,93,referral,93.25,0
Lead_1016,2024-01-04 18:51:36,0,1,114,email,999.34,0
Lead_1017,2024-04-25 05:47:12,3,0,52,organic,2071.25,0
Lead_1018,2023-02-25 04:27:24,4,1,29,email,138.32,0
Lead_1019,2023-10-11 22:08:21,4,0,2,email,617.51,0
Lead_1020,2023-08-19 12:21:52,3,1,42,referral,8178.81,0
Lead_1021,2024-01-03 21:02:33,3,1,6,ads,11295.24,0
Lead_1022,2024-02-28 03:09:18,6,1,48,email,4038.34,0
Lead_1023,2023-09-20 19:47:41,4,0,72,email,871.86,0
Lead_1024,2024-02-18 21:32:49,4,1,116,referral,905.41,0
Lead_1025,2023-04-12 00:28:32,5,1,40,referral,3113.6,1
Lead_1026,2023-05-20 05:59:11,1,0,105,ads,375.33,0
Lead_1027,2024-09-21 10:37:33,4,0,76,organic,8887.44,0
Lead_1028,2023-05-30 20:05:45,2,0,78,email,763.95,0
Lead_1029,2023-12-08 00:43:38,4,1,53,email,23751.98,0
Lead_1030,2024-10-15 20:36:40,5,1,68,referral,2053.95,0
Lead_1031,2023-06-18 09:36:21,2,0,92,referral,4427.74,0
Lead_1032,2024-04-10 05:02:20,4,0,98,email,6.56,0
Lead_1033,2024-08-30 06:06:33,1,1,90,email,6587.83,1
Lead_1034,2024-02-28 22:23:17,2,1,26,organic,944.14,1
Lead_1035,2023-05-25 06:40:53,4,0,7,organic,3307.29,0
Lead_1036,2023-06-21 07:03:11,1,1,31,referral,4925.19,0
Lead_1037,2023-08-20 05:46:28,1,0,83,email,537.91,0
Lead_1038,2023-01-02 19:36:29,0,1,63,organic,1752.93,0
Lead_1039,2023-10-13 04:03:18,3,1,9,organic,2042.68,0
Lead_1040,2023-05-11 21:27:43,3,0,12,ads,1122.42,0
Lead_1041,2023-05-09 03:59:03,4,1,62,organic,1971.93,0
Lead_1042,2023-10-21 10:00:51,2,1,92,organic,1146.18,0
Lead_1043,2023-01-03 05:34:02,3,1,34,organic,1342.37,0
Lead_1044,2024-04-04 15:57:39,6,1,60,organic,3319.91,0
Lead_1045,2024-10-23 18:48:05,2,0,53,referral,3003.86,0
Lead_1046,2023-02-13 06:49:21,2,0,7,referral,792.93,0
Lead_1047,2024-07-06 17:30:09,2,0,28,ads,6833.18,0
Lead_1048,2023-05-02 13:26:18,4,1,94,referral,5958.7,0
Lead_1049,2023-11-30 03:29:08,1,1,40,referral,2134.44,0
Lead_1050,2024-09-07 19:47:17,4,1,29,organic,1703.51,0
Lead_1051,2024-10-22 18:46:46,3,0,85,ads,1418.93,0
Lead_1052,2023-08-02 08:18:35,3,0,20,ads,3685.49,0
Lead_1053,2024-08-19 13:26:59,5,0,75,ads,3341.17,0
Lead_1054,2023-05-20 12:37:59,3,1,10,referral,655.14,0
Lead_1055,2024-05-16 03:09:57,1,1,1,referral,3339.27,0
Lead_1056,2024-01-09 06:30:49,1,1,49,email,872.79,0
Lead_1057,2023-04-07 12:55:46,3,1,40,ads,56.2,0
Lead_1058,2023-04-20 20:10:19,5,1,65,email,3604.02,0
Lead_1059,2023-05-22 05:41:58,4,0,97,email,3105.17,0
Lead_1060,2024-06-11 11:47:02,2,1,2,referral,1587.02,0
Lead_1061,2023-01-24 22:05:52,7,1,79,email,2237.66,0
Lead_1062,2024-05-09 07:28:37,0,1,50,email,8821.98,0
Lead_1063,2023-05-26 04:28:51,4,0,67,email,2713.09,0
Lead_1064,2023-06-30 02:27:58,2,1,86,email,3217.82,0
Lead_1065,2024-02-11 20:49:30,3,0,113,referral,198.14,0
Lead_1066,2024-10-27 17:12:26,1,0,83,ads,544.55,0
Lead_1067,2023-06-28 18:25:30,3,1,24,organic,1074.11,0
Lead_1068,2023-07-30 21:59:23,1,0,29,email,2325.54,0
Lead_1069,2024-09-13 15:39:03,3,1,81,email,4496.25,1
Lead_1070,2023-04-15 19:22:51,6,1,105,email,1162.47,0
Lead_1071,2023-01-23 06:03:46,3,0,10,referral,1321.95,0
Lead_1072,2024-09-17 03:37:26,2,0,92,ads,887.75,0
Lead_1073,2024-06-24 19:01:36,1,1,16,organic,881.54,0
Lead_1074,2024-10-30 20:55:17,4,1,25,referral,8919.79,0
Lead_1075,2024-10-24 23:03:43,4,1,119,ads,3027.33,1
Lead_1076,2024-03-29 08:14:40,3,1,22,referral,508.46,0
Lead_1077,2024-02-06 22:17:45,1,1,55,organic,3843.09,0
Lead_1078,2023-05-15 15:12:04,4,1,51,email,3840.63,0
Lead_1079,2024-03-17 08:06:34,2,1,47,email,3294.07,0
Lead_1080,2024-01-10 02:46:53,4,0,19,referral,434.11,0
Lead_1081,2024-04-08 06:59:00,1,1,108,ads,1572.7,0
Lead_1082,2023-12-22 04:20:48,5,1,1,organic,338.69,1
Lead_1083,2024-06-08 09:46:13,3,1,87,ads,5088.59,0
Lead_1084,2024-07-02 16:15:45,1,0,30,email,3194.13,0
Lead_1085,2023-07-30 06:28:45,2,1,26,organic,2122.98,0
Lead_1086,2024-02-17 20:23:16,1,1,1,organic,1260.28,0
Lead_1087,2024-02-25 00:00:52,5,1,77,email,610.94,0
Lead_1088,2023-05-12 21:06:49,1,0,3,organic,337.65,0
Lead_1089,2024-01-28 22:06:01,3,1,112,email,10444.68,1
Lead_1090,2024-08-24 20:17:31,2,0,12,email,668.11,0
Lead_1091,2023-11-06 01:59:57,3,0,99,organic,185.23,0
Lead_1092,2023-01-22 19:35:29,2,0,34,ads,9784.31,0
Lead_1093,2023-09-09 06:15:40,5,0,107,email,2388.54,0
Lead_1094,2024-05-28 19:51:41,4,1,117,email,4778.58,0
Lead_1095,2023-06-01 11:13:23,5,1,118,referral,134.26,0
Lead_1096,2024-10-18 04:42:26,2,0,71,email,2510.68,0
Lead_1097,2024-09-07 05:52:19,3,1,65,ads,1523.54,0
Lead_1098,2024-09-06 18:04:32,2,1,5,referral,4434.76,0
Lead_1099,2023-02-22 13:17:34,1,0,30,email,117.55,0
Lead_1100,2023-11-04 10:05:33,3,1,117,referral,1540.94,0
Lead_1101,2024-10-24 08:37:03,1,1,9,organic,4814.45,0
Lead_1102,2024-08-12 15:19:17,7,1,107,ads,2218.81,0
Lead_1103,2024-09-14 18:37:05,6,1,20,email,2395.78,0
Lead_1104,2023-01-17 15:41:28,3,0,105,email,306.65,0
Lead_1105,2023-07-29 00:21:52,4,1,73,referral,425.83,0
Lead_1106,2023-03-22 18:54:38,1,1,22,organic,3390.31,1
Lead_1107,2023-02-16 05:59:41,1,1,2,email,3372.22,1
Lead_1108,2024-06-20 16:21:20,2,0,31,email,11604.51,0
Lead_1109,2023-11-22 09:47:27,3,0,19,ads,3733.89,0
Lead_1110,2024-09-08 01:40:07,3,1,73,ads,2039.17,0
Lead_1111,2024-04-18 23:14:26,1,0,28,email,5841.62,0
Lead_1112,2023-07-02 05:04:58,4,1,104,organic,331.03,0
Lead_1113,2024-10-21 08:01:24,1,0,51,email,1789.67,0
Lead_1114,2023-12-20 16:17:57,3,1,114,referral,1015.28,0
Lead_1115,2023-11-22 15:26:48,3,0,45,ads,331.58,0
Lead_1116,2023-12-31 08:09:05,1,1,33,ads,4325.45,0
Lead_1117,2024-08-13 19:20:52,2,1,100,email,2144.9,0
Lead_1118,2023-03-05 06:44:39,4,1,83,referral,2440.99,0
Lead_1119,2023-11-14 00:43:29,2,0,60,email,1589.29,0
Lead_1120,2024-02-11 13:26:00,0,1,71,email,1850.43,0
Lead_1121,2024-05-19 20:20:18,4,0,70,ads,369.95,0
Lead_1122,2023-10-01 03:55:20,0,1,69,referral,3352.63,0
Lead_1123,2023-01-12 02:30:43,2,1,10,email,1699.27,1
Lead_1124,2023-12-22 13:39:24,5,1,107,email,5091.0,0
Lead_1125,2024-08-11 01:02:42,1,0,81,organic,655.54,0
Lead_1126,2023-06-10 04:30:32,5,1,114,organic,688.45,0
Lead_1127,2023-09-28 15:13:54,4,0,105,email,3113.34,0
Lead_1128,2024-09-21 05:53:15,4,0,92,referral,5612.47,0
Lead_1129,2023-05-22 14:55:57,3,0,88,ads,1917.1,0
Lead_1130,2024-03-18 05:24:32,6,1,62,referral,3894.34,0
Lead_1131,2023-05-08 18:18:43,2,0,20,organic,21924.35,0
Lead_1132,2023-02-02 20:19:13,4,0,109,email,13896.28,0
Lead_1133,2023-02-08 03:57:31,2,1,2,referral,4091.68,0
Lead_1134,2024-06-28 12:10:38,5,0,81,ads,4036.45,0
Lead_1135,2023-10-25 03:19:35,3,1,87,ads,853.54,0
Lead_1136,2024-02-21 13:24:39,3,1,110,referral,5378.99,0
Lead_1137,2024-02-15 18:16:52,3,1,101,organic,1558.1,0
Lead_1138,2023-12-21 22:19:57,1,1,9,email,9810.03,0
Lead_1139,2024-01-07 06:00:28,3,1,26,email,254.8,1
Lead_1140,2023-10-16 07:13:44,6,1,11,email,1717.25,0
Lead_1141,2024-10-28 01:41:21,3,0,6,organic,2434.71,0
Lead_1142,2023-09-15 04:39:11,1,1,16,referral,1558.37,0
Lead_1143,2024-07-19 17:29:10,3,1,64,referral,709.37,0
Lead_1144,2023-10-06 16:30:19,3,1,63,email,2696.74,0
Lead_1145,2024-09-27 18:34:20,2,1,113,organic,4230.75,1
Lead_1146,2024-03-27 23:24:46,3,0,25,organic,3105.55,0
Lead_1147,2023-04-22 15:01:53,0,1,14,referral,801.48,0
Lead_1148,2023-01-15 15:57:41,8,0,114,email,3945.92,0
Lead_1149,2023-09-15 19:50:44,1,1,32,email,890.77,0
Lead_1150,2023-10-16 17:38:15,1,0,61,ads,577.85,0
Lead_1151,2024-06-11 12:17:26,3,1,100,referral,3520.02,1
Lead_1152,2024-06-12 01:16:28,2,1,46,email,5550.47,0
Lead_1153,2024-07-14 13:54:53,2,0,94,referral,1970.67,0
Lead_1154,2024-01-13 21:04:17,3,1,34,email,2273.96,0
Lead_1155,2023-10-29 06:02:29,4,0,64,referral,1081.82,0
Lead_1156,2024-02-21 16:18:19,3,0,71,ads,2047.32,0
Lead_1157,2024-03-30 06:32:00,7,1,75,email,424.63,1
Lead_1158,2024-04-26 21:59:35,3,1,117,ads,9359.18,0
Lead_1159,2023-01-22 08:35:49,3,1,82,email,4833.73,0
Lead_1160,2023-02-04 17:04:03,3,0,24,email,3307.62,0
Lead_1161,2023-05-09 22:19:56,5,0,56,organic,2317.83,0
Lead_1162,2024-03-12 12:42:57,5,1,31,email,4713.09,0
Lead_1163,2023-07-12 15:03:49,4,1,62,email,2048.15,0
Lead_1164,2023-11-08 19:26:44,4,1,11,email,1069.91,0
Lead_1165,2024-01-18 14:12:34,2,0,62,email,524.4,0
Lead_1166,2023-01-10 04:54:29,6,1,76,email,3128.84,0
Lead_1167,2023-07-28 23:04:59,3,1,91,email,7953.27,0
Lead_1168,2023-03-16 03:42:30,2,0,0,ads,500.36,0
Lead_1169,2023-06-07 09:31:14,6,1,50,email,595.42,1
Lead_1170,2023-05-15 14:18:22,4,1,69,referral,1705.4,0
Lead_1171,2024-09-14 23:54:02,3,0,7,email,4933.63,0
Lead_1172,2023-01-19 20:43:19,3,0,67,email,1044.09,0
Lead_1173,2024-05-31 19:16:12,6,1,4,email,878.74,0
Lead_1174,2023-03-29 23:47:56,4,1,88,organic,2902.49,0
Lead_1175,2023-07-30 09:31:01,2,1,85,referral,2301.12,1
Lead_1176,2024-08-08 21:02:37,1,1,91,referral,186.33,0
Lead_1177,2023-03-22 23:54:30,3,0,38,email,255.01,0
Lead_1178,2023-12-23 10:22:34,4,1,22,organic,3090.17,0
Lead_1179,2023-09-07 09:30:57,5,0,67,email,1877.16,0
Lead_1180,2023-11-17 19:43:50,6,0,51,email,10619.02,0
Lead_1181,2023-12-17 17:49:39,2,1,3,referral,3404.57,0
Lead_1182,2024-01-03 23:41:37,4,1,46,email,30.37,0
Lead_1183,2023-04-26 12:59:45,4,1,20,organic,1967.66,0
Lead_1184,2024-01-17 11:25:20,0,0,100,email,1605.6,0
Lead_1185,2024-02-19 04:45:35,4,0,55,organic,338.54,0
Lead_1186,2023-03-29 06:48:08,5,1,104,referral,7700.0,0
Lead_1187,2023-07-29 22:39:39,2,0,65,ads,4904.44,0
Lead_1188,2024-03-03 19:49:27,5,1,58,email,784.43,0
Lead_1189,2023-12-25 12:03:33,4,0,6,email,887.07,0
Lead_1190,2024-08-03 05:17:14,5,1,48,organic,97.63,0
Lead_1191,2024-06-15 11:13:51,2,1,15,email,1055.99,1
Lead_1192,2023-12-31 20:55:10,2,0,16,referral,2635.7,0
Lead_1193,2024-02-13 08:11:58,0,1,83,organic,1638.55,1
Lead_1194,2024-05-24 10:23:24,4,1,86,email,10446.13,0
Lead_1195,2024-06-03 19:10:29,1,1,97,ads,173.14,0
Lead_1196,2023-06-22 22:28:17,2,1,74,referral,2685.28,0
Lead_1197,2023-12-08 10:46:06,3,1,33,email,5862.33,0
Lead_1198,2023-05-23 10:40:54,2,0,32,email,1966.06,0
Lead_1199,2023-12-10 15:46:23,2,1,25,ads,8.9,0
Lead_1200,2023-12-14 05:29:29,1,1,65,email,834.39,1
Lead_1201,2024-08-27 11:22:44,3,0,62,referral,1173.66,0
Lead_1202,2024-02-01 14:02:41,4,1,86,email,10143.7,0
Lead_1203,2024-03-27 12:26:52,6,1,40,organic,7283.54,0
Lead_1204,2023-06-23 02:44:58,3,0,85,email,8937.84,0
Lead_1205,2023-05-21 15:26:13,2,0,57,referral,5241.94,0
Lead_1206,2024-03-06 01:43:17,3,0,97,ads,1299.96,0
Lead_1207,2024-01-20 09:49:00,1,0,78,email,7089.44,1
Lead_1208,2023-07-27 06:22:57,2,1,9,email,12000.02,0
Lead_1209,2024-07-09 16:03:17,1,0,14,referral,1292.68,0
Lead_1210,2024-05-14 08:33:10,3,1,41,organic,905.57,0
Lead_1211,2024-02-10 22:40:03,4,0,92,email,2375.04,0
Lead_1212,2024-02-22 03:41:53,2,1,56,ads,621.63,0
Lead_1213,2023-07-08 19:11:11,2,0,86,email,99.5,0
Lead_1214,2023-11-10 09:38:20,3,0,16,email,8746.95,0
Lead_1215,2023-11-05 15:31:19,2,0,59,referral,7800.57,0
Lead_1216,2024-10-12 04:47:43,2,1,8,organic,532.55,1
Lead_1217,2024-04-02 06:57:29,3,1,113,email,1571.43,0
Lead_1218,2023-12-25 04:23:24,1,0,35,organic,5334.21,0
Lead_1219,2023-10-10 07:05:34,6,0,72,email,3245.27,0
Lead_1220,2023-01-09 21:11:59,2,1,79,referral,1506.53,0
Lead_1221,2023-02-24 02:27:14,2,0,35,ads,4089.74,0
Lead_1222,2024-10-28 08:49:16,2,0,47,ads,6820.46,0
Lead_1223,2023-05-20 21:53:32,4,1,50,ads,7817.5,0
Lead_1224,2023-12-31 04:04:14,1,0,96,email,1428.55,0
Lead_1225,2024-09-23 11:08:00,2,1,118,referral,571.89,0
Lead_1226,2023-12-12 23:13:19,4,1,94,referral,7319.99,0
Lead_1227,2024-10-23 03:57:44,3,1,69,email,291.37,0
Lead_1228,2024-09-13 08:06:52,3,1,73,organic,3837.04,0
Lead_1229,2024-02-20 19:16:47,3,0,79,email,454.2,0
Lead_1230,2023-05-01 17:07:55,6,1,67,referral,1479.88,0
Lead_1231,2023-04-27 04:21:50,3,0,117,email,1590.82,0
Lead_1232,2024-08-27 15:30:08,3,0,21,email,518.63,0
Lead_1233,2023-05-11 13:50:45,1,0,76,email,7679.46,0
Lead_1234,2024-04-24 03:37:33,2,1,79,ads,8.02,0
Lead_1235,2023-12-25 13:48:23,4,0,115,referral,6727.53,0
Lead_1236,2023-07-23 14:19:41,3,1,92,email,6458.08,0
Lead_1237,2023-07-04 04:01:35,3,1,5,email,1143.62,1
Lead_1238,2024-01-21 08:22:12,2,1,25,email,3655.07,0
Lead_1239,2024-06-27 03:12:21,3,1,74,referral,874.3,0
Lead_1240,2024-07-01 10:44:17,1,0,87,referral,4266.06,0
Lead_1241,2023-10-17 08:26:21,2,1,92,email,2470.59,0
Lead_1242,2024-06-03 16:23:21,2,0,2,email,1070.99,1
Lead_1243,2024-04-16 13:33:49,3,1,51,referral,1533.65,0
Lead_1244,2023-02-12 05:40:14,5,1,73,email,3512.47,1
Lead_1245,2023-02-06 09:32:19,3,0,59,email,7096.49,0
Lead_1246,2023-10-14 12:57:47,6,0,62,email,420.29,0
Lead_1247,2024-03-23 00:14:06,2,1,64,ads,2541.44,0
Lead_1248,2023-07-23 07:58:48,5,1,51,ads,878.0,0
Lead_1249,2023-12-31 00:56:44,6,1,106,referral,4848.97,0
Lead_1250,2023-06-21 11:49:49,6,1,89,email,218.48,0
Lead_1251,2024-08-19 10:48:53,3,0,75,referral,3503.46,0
Lead_1252,2023-10-09 12:42:32,4,0,13,email,576.92,0
Lead_1253,2023-05-14 03:57:53,3,1,88,organic,2721.88,0
Lead_1254,2023-11-28 11:14:04,2,0,71,ads,5418.05,0
Lead_1255,2024-05-05 10:04:57,5,1,106,ads,4220.48,0
Lead_1256,2024-06-19 16:23:14,4,1,67,email,4194.41,0
Lead_1257,2023-01-11 05:24:25,2,1,27,email,2188.47,0
Lead_1258,2024-02-21 10:40:30,0,0,70,ads,6642.23,0
Lead_1259,2023-09-15 11:14:28,0,1,9,referral,2660.96,0
Lead_1260,2023-09-19 11:17:54,5,1,114,email,7485.52,0
Lead_1261,2024-06-23 06:49:44,6,1,56,organic,2372.43,0
Lead_1262,2024-06-29 01:14:43,1,1,99,organic,2115.45,0
Lead_1263,2023-07-21 22:21:29,2,0,65,ads,754.45,0
Lead_1264,2023-04-11 04:53:54,5,1,89,organic,2360.97,0
Lead_1265,2023-09-23 18:55:24,4,1,116,email,454.51,0
Lead_1266,2023-10-14 11:54:42,3,0,49,email,6113.52,0
Lead_1267,2024-08-31 12:05:04,2,0,13,email,3380.03,0
Lead_1268,2024-04-18 08:46:01,0,0,15,ads,15171.03,0
Lead_1269,2023-02-27 18:24:18,4,1,53,email,289.85,0
Lead_1270,2023-01-02 07:05:02,5,1,42,organic,825.97,0
Lead_1271,2024-06-09 12:17:39,2,1,41,email,6290.58,0
Lead_1272,2024-07-11 01:21:53,3,1,80,email,1508.84,0
Lead_1273,2024-08-31 02:23:49,7,0,109,organic,1883.78,0
Lead_1274,2023-09-03 13:43:33,5,1,21,email,5912.34,0
Lead_1275,2024-06-20 02:38:40,3,1,67,email,2213.32,0
Lead_1276,2023-07-20 06:21:07,1,1,18,referral,645.06,1
Lead_1277,2024-08-06 09:09:18,3,1,65,email,6677.71,0
Lead_1278,2024-03-13 20:51:46,4,0,38,email,94.66,0
Lead_1279,2023-06-21 07:24:07,1,1,72,email,6772.73,0
Lead_1280,2023-12-19 02:26:04,3,1,18,ads,155.52,0
Lead_1281,2024-08-18 10:17:34,3,1,15,organic,3288.49,0
Lead_1282,2023-02-02 14:05:46,4,1,53,organic,223.13,0
Lead_1283,2024-07-31 23:16:32,1,1,24,email,3674.7,0
Lead_1284,2023-10-03 15:13:45,2,0,111,email,103.69,0
Lead_1285,2023-09-08 05:08:38,3,1,17,ads,5544.18,0
Lead_1286,2024-02-21 20:12:29,2,0,22,organic,1881.76,0
Lead_1287,2023-12-15 09:10:59,1,0,116,email,294.34,0
Lead_1288,2023-06-10 11:22:43,1,0,84,email,3680.9,0
Lead_1289,2024-10-06 04:30:54,3,0,10,referral,2015.86,0
Lead_1290,2023-08-29 09:21:33,0,1,38,organic,635.68,0
Lead_1291,2023-08-10 00:00:57,3,1,104,email,47.39,0
Lead_1292,2023-07-10 12:07:10,1,1,67,email,1623.85,0
Lead_1293,2023-02-25 17:09:47,1,0,24,email,268.56,0
Lead_1294,2023-12-03 02:13:24,7,0,62,email,296.71,0
Lead_1295,2024-07-04 17:05:00,3,0,95,referral,933.18,0
Lead_1296,2024-03-20 18:57:11,2,1,29,referral,2986.48,0
Lead_1297,2023-02-22 18:59:19,4,0,44,referral,2264.5,0
Lead_1298,2023-10-29 09:57:35,4,1,89,email,214.45,1
Lead_1299,2024-06-09 18:43:51,0,1,60,email,10366.77,0
Lead_1300,2023-11-16 11:28:21,3,1,99,email,6545.58,0
Lead_1301,2024-02-16 18:14:07,3,1,50,email,900.18,0
Lead_1302,2024-02-29 22:16:42,7,1,97,referral,391.48,0
Lead_1303,2023-11-12 20:16:05,3,1,8,email,8562.85,0
Lead_1304,2024-02-18 01:10:53,2,1,75,email,1854.91,0
Lead_1305,2023-12-13 15:14:35,4,0,1,email,1118.27,0
Lead_1306,2023-12-06 02:53:34,2,0,101,ads,2022.14,0
Lead_1307,2024-07-06 09:23:52,2,0,4,ads,4445.04,0
Lead_1308,2024-01-19 21:38:54,3,1,61,organic,553.16,1
Lead_1309,2023-04-17 23:15:45,0,0,68,email,4376.54,0
Lead_1310,2024-05-24 21:06:53,0,0,51,referral,4152.25,0
Lead_1311,2023-04-01 00:08:17,3,1,85,email,2325.34,0
Lead_1312,2024-10-18 16:10:25,4,1,4,email,6026.22,1
Lead_1313,2024-06-18 13:47:08,6,1,58,organic,425.19,0
Lead_1314,2024-08-27 03:03:30,4,1,67,email,2715.15,0
Lead_1315,2023-10-05 04:20:43,2,0,8,referral,1789.93,0
Lead_1316,2024-03-12 21:52:24,2,0,92,email,1646.06,0
Lead_1317,2024-07-30 17:44:26,8,1,21,ads,873.31,0
Lead_1318,2023-12-29 20:28:05,4,0,26,referral,1396.98,0
Lead_1319,2023-12-14 21:21:21,3,0,9,organic,343.37,0
Lead_1320,2023-02-21 00:44:16,1,0,79,organic,869.45,0
Lead_1321,2024-02-25 17:50:20,2,1,105,ads,952.22,0
Lead_1322,2023-11-30 15:40:07,1,0,105,email,3826.06,0
Lead_1323,2024-04-15 06:28:29,3,1,60,referral,149.31,0
Lead_1324,2023-02-11 06:33:44,4,1,50,referral,3159.7,0
Lead_1325,2024-03-15 01:29:04,0,1,9,email,750.81,0
Lead_1326,2024-03-13 11:18:14,2,1,5,ads,256.22,0
Lead_1327,2023-12-01 20:15:08,5,0,61,organic,1073.48,0
Lead_1328,2023-07-02 06:11:56,5,1,112,ads,762.64,1
Lead_1329,2024-10-07 07:11:10,3,1,4,email,2409.1,0
Lead_1330,2024-05-27 23:15:38,1,1,69,organic,1326.59,0
Lead_1331,2023-12-14 02:36:13,3,0,62,email,10143.63,0
Lead_1332,2024-08-12 10:25:05,2,1,55,email,9935.41,0
Lead_1333,2023-02-13 09:10:56,5,0,58,referral,1759.43,0
Lead_1334,2024-09-08 03:51:35,1,1,62,email,4755.52,0
Lead_1335,2023-09-04 00:59:09,3,1,110,referral,40.07,0
Lead_1336,2024-08-27 15:01:04,3,1,88,email,2380.97,1
Lead_1337,2024-10-06 00:37:33,4,1,58,email,4079.53,0
Lead_1338,2023-01-03 21:56:20,2,1,50,email,733.65,1
Lead_1339,2024-06-26 00:46:47,2,1,49,organic,189.37,0
Lead_1340,2023-06-15 17:25:02,1,0,3,ads,508.52,0
Lead_1341,2023-09-10 09:34:45,0,0,103,email,1749.37,0
Lead_1342,2023-12-11 22:52:54,2,1,47,email,2117.92,0
Lead_1343,2024-05-22 12:45:58,2,1,31,email,1438.39,0
Lead_1344,2023-06-28 05:09:45,1,0,119,ads,1739.31,0
Lead_1345,2024-04-17 23:58:31,5,1,50,email,1905.97,0
Lead_1346,2024-07-23 18:28:05,7,1,51,ads,4401.69,0
Lead_1347,2023-02-18 14:08:57,2,0,98,ads,333.61,0
Lead_1348,2023-02-14 19:26:22,2,0,73,referral,4395.37,0
Lead_1349,2024-09-03 08:32:27,2,1,33,referral,3500.29,0
Lead_1350,2024-06-08 12:53:45,1,1,35,ads,4060.45,0
Lead_1351,2023-05-15 18:51:14,2,1,69,email,3978.06,0
Lead_1352,2023-03-16 01:50:27,2,0,42,referral,1907.99,0
Lead_1353,2024-10-15 12:46:43,5,1,109,referral,712.49,0
Lead_1354,2024-01-11 00:20:51,0,1,15,email,2307.68,0
Lead_1355,2024-06-11 22:44:00,3,1,58,organic,9508.98,0
Lead_1356,2023-12-15 20:51:34,2,1,52,email,2664.03,0
Lead_1357,2023-05-01 16:56:20,5,0,18,email,33.33,0
Lead_1358,2024-06-15 20:15:48,3,0,97,email,184.7,0
Lead_1359,2023-01-28 03:25:57,5,0,88,organic,14827.57,0
Lead_1360,2023-04-26 18:31:26,6,1,94,ads,224.0,0
Lead_1361,2023-11-11 20:04:45,3,1,112,referral,141.42,0
Lead_1362,2023-11-28 13:10:59,5,1,40,email,1306.34,0
Lead_1363,2024-04-15 08:45:46,2,1,80,ads,10452.16,1
Lead_1364,2023-03-01 03:34:06,0,0,46,email,1151.15,0
Lead_1365,2024-09-12 21:57:00,6,1,93,organic,1582.31,0
Lead_1366,2023-02-18 21:28:35,5,1,102,email,3016.0,0
Lead_1367,2023-05-04 15:19:50,3,1,53,email,73.22,0
Lead_1368,2024-04-30 03:50:59,6,0,54,email,6841.4,0
Lead_1369,2024-08-05 07:37:48,3,1,94,organic,2198.43,0
Lead_1370,2024-03-07 08:13:34,1,1,18,ads,1886.64,0
Lead_1371,2024-09-29 20:36:30,0,1,61,ads,5913.95,1
Lead_1372,2023-09-04 04:10:56,2,0,98,ads,9177.72,0
Lead_1373,2023-10-12 07:49:48,2,1,92,organic,1651.95,0
Lead_1374,2023-05-25 13:16:16,4,0,58,organic,567.82,0
Lead_1375,2023-05-13 03:25:43,5,0,64,referral,5073.72,0
Lead_1376,2023-09-24 09:09:42,1,1,67,email,1548.82,0
Lead_1377,2023-01-19 15:59:19,4,0,27,email,8225.39,0
Lead_1378,2024-08-19 18:14:30,3,1,17,organic,8981.14,0
Lead_1379,2023-02-11 15:53:59,2,0,25,ads,365.92,0
Lead_1380,2023-07-16 18:33:38,3,1,103,email,9408.71,0
Lead_1381,2024-10-10 04:46:40,2,1,18,ads,1377.88,0
Lead_1382,2023-02-16 19:49:26,3,1,54,organic,3117.52,0
Lead_1383,2024-07-05 01:03:01,5,1,118,email,106.1,0
Lead_1384,2024-01-17 17:43:38,2,0,56,ads,6591.55,0
Lead_1385,2024-02-27 19:52:02,5,1,5,organic,3078.29,1
Lead_1386,2024-06-18 04:26:14,1,0,0,ads,3094.72,0
Lead_1387,2024-05-26 21:05:47,0,1,7,email,6973.76,0
Lead_1388,2024-05-09 07:47:24,4,0,96,organic,2129.95,0
Lead_1389,2023-09-29 02:40:22,6,1,50,organic,1585.53,0
Lead_1390,2024-09-07 01:32:55,4,1,106,organic,6032.63,0
Lead_1391,2024-09-02 00:43:57,3,1,84,referral,4069.28,0
Lead_1392,2024-09-09 03:27:16,5,0,87,email,8926.36,0
Lead_1393,2024-05-07 05:42:57,2,1,24,organic,8446.33,1
Lead_1394,2023-04-11 00:02:05,2,1,46,email,1445.38,0
Lead_1395,2023-09-05 15:10:08,2,1,54,organic,1777.12,0
Lead_1396,2023-01-08 01:41:48,4,0,63,organic,887.08,0
Lead_1397,2023-09-05 04:11:02,3,1,106,referral,3242.15,0
Lead_1398,2023-07-09 10:50:24,5,1,82,organic,1360.23,0
Lead_1399,2023-03-02 04:20:14,2,1,92,referral,4626.75,0
Lead_1400,2024-01-23 04:55:45,2,0,116,email,388.79,0
Lead_1401,2023-09-24 00:11:15,3,0,9,referral,371.26,0
Lead_1402,2023-02-26 03:42:39,3,1,55,email,686.19,0
Lead_1403,2024-04-16 11:34:13,4,1,11,ads,264.17,1
Lead_1404,2024-10-26 06:37:29,1,1,32,email,2903.0,0
Lead_1405,2023-12-05 10:23:53,0,1,119,ads,478.23,0
Lead_1406,2023-07-30 09:00:09,1,1,70,organic,522.93,1
Lead_1407,2024-03-19 21:11:12,4,0,16,organic,42.99,0
Lead_1408,2023-11-16 23:14:13,3,1,60,email,4571.02,0
Lead_1409,2023-07-08 19:47:47,4,0,9,ads,5018.67,0
Lead_1410,2024-01-07 09:19:29,1,1,30,ads,530.29,1
Lead_1411,2024-01-20 18:56:29,5,0,59,organic,4035.74,1
Lead_1412,2023-03-17 21:30:46,3,1,69,ads,1705.07,1
Lead_1413,2024-06-13 09:32:17,4,1,16,referral,821.71,0
Lead_1414,2024-10-16 04:08:49,4,1,49,organic,2913.7,0
Lead_1415,2023-03-17 01:51:35,4,1,36,email,589.81,0
Lead_1416,2024-08-12 16:51:09,1,1,81,organic,4242.64,0
Lead_1417,2023-04-26 16:01:55,4,0,61,organic,146.36,0
Lead_1418,2024-05-27 07:21:16,3,0,89,organic,9592.15,0
Lead_1419,2024-04-23 15:23:21,2,1,112,email,223.77,0
Lead_1420,2023-08-07 09:23:45,5,1,117,ads,2598.56,0
Lead_1421,2023-09-03 21:35:39,4,1,79,organic,6974.32,0
Lead_1422,2023-11-11 00:32:51,3,1,71,email,35.93,0
Lead_1423,2024-03-09 05:03:46,4,1,87,referral,2070.54,0
Lead_1424,2023-07-31 08:26:19,4,0,76,email,1292.38,0
Lead_1425,2023-04-18 09:55:21,3,0,28,email,2604.88,0
Lead_1426,2024-09-03 19:14:26,1,0,31,ads,766.45,0
Lead_1427,2023-07-01 15:54:49,2,1,87,ads,201.3,0
Lead_1428,2023-02-10 06:14:45,0,0,79,email,2949.96,0
Lead_1429,2023-05-18 18:21:08,4,0,10,ads,1617.93,0
Lead_1430,2023-10-19 23:20:05,1,1,95,ads,2922.44,0
Lead_1431,2023-09-22 09:44:36,5,1,5,referral,709.22,0
Lead_1432,2024-09-16 03:50:45,1,0,34,referral,1240.83,0
Lead_1433,2023-12-02 16:11:26,4,1,32,ads,2474.43,0
Lead_1434,2023-04-09 20:04:45,1,1,17,ads,2697.66,0
Lead_1435,2023-04-19 22:35:05,6,1,36,email,1397.15,0
Lead_1436,2024-09-01 18:16:17,4,1,12,ads,985.73,0
Lead_1437,2024-07-19 21:36:00,1,1,73,ads,959.38,0
Lead_1438,2024-07-24 02:09:54,3,0,100,ads,576.02,0
Lead_1439,2024-05-15 01:27:50,3,0,89,email,1180.93,0
Lead_1440,2024-07-23 12:38:54,4,0,109,referral,667.33,0
Lead_1441,2024-05-30 23:05:41,2,1,80,email,3013.85,0
Lead_1442,2023-01-04 07:16:52,4,0,63,organic,2525.41,0
Lead_1443,2023-04-02 04:05:19,3,1,0,email,1446.66,0
Lead_1444,2023-08-24 07:17:01,3,1,62,organic,1182.82,0
Lead_1445,2024-08-02 08:46:46,2,1,88,ads,813.91,0
Lead_1446,2024-02-22 23:00:11,4,1,33,ads,2300.11,0
Lead_1447,2024-02-21 06:41:32,3,1,102,email,7536.32,0
Lead_1448,2023-05-26 03:29:35,1,1,9,email,3472.25,0
Lead_1449,2024-07-14 21:50:51,1,1,83,email,4092.6,0
Lead_1450,2024-10-17 02:00:16,2,1,6,email,5394.14,0
Lead_1451,2023-05-09 19:13:37,2,0,55,referral,1299.9,0
Lead_1452,2024-05-30 04:36:42,1,1,79,email,194.82,0
Lead_1453,2023-09-09 13:11:31,6,0,36,referral,2923.02,0
Lead_1454,2023-07-17 20:58:35,2,1,28,email,627.25,1
Lead_1455,2024-06-06 14:20:08,5,1,11,organic,2525.25,0
Lead_1456,2024-03-02 15:49:34,7,0,16,ads,4035.58,0
Lead_1457,2023-04-08 19:13:55,5,1,47,email,4592.41,0
Lead_1458,2023-11-12 08:49:10,4,1,83,ads,1077.92,0
Lead_1459,2024-06-01 15:09:54,3,0,25,email,2154.98,0
Lead_1460,2024-10-26 02:35:50,4,1,111,email,2910.38,1
Lead_1461,2024-03-07 06:23:42,1,0,82,ads,5135.75,0
Lead_1462,2024-09-01 03:07:43,2,1,110,referral,4298.76,1
Lead_1463,2023-12-15 07:05:54,4,1,11,organic,13262.38,0
Lead_1464,2023-08-30 12:29:41,1,1,20,ads,24.35,0
Lead_1465,2023-11-09 15:46:41,4,1,41,organic,1726.04,0
Lead_1466,2023-08-15 21:49:27,6,0,60,organic,887.32,0
Lead_1467,2024-03-30 20:35:58,3,0,57,organic,383.14,1
Lead_1468,2023-09-13 12:40:38,1,1,53,ads,7274.78,0
Lead_1469,2024-08-06 01:24:27,2,1,33,email,18587.46,0
Lead_1470,2024-03-15 01:39:14,4,0,6,email,597.53,0
Lead_1471,2024-02-13 22:03:26,3,1,108,referral,117.57,0
Lead_1472,2023-08-17 12:01:27,1,1,34,ads,964.98,0
Lead_1473,2024-01-05 10:05:58,7,1,14,email,5402.92,1
Lead_1474,2024-03-10 07:21:22,2,1,64,ads,1043.95,0
Lead_1475,2023-10-23 02:23:05,5,0,89,email,175.75,0
Lead_1476,2024-10-06 15:40:45,6,0,98,referral,161.76,0
Lead_1477,2023-11-29 03:53:41,1,1,24,email,1672.82,0
Lead_1478,2024-04-20 20:25:23,0,1,105,referral,8057.06,1
Lead_1479,2023-01-06 11:28:54,2,1,58,referral,1010.28,0
Lead_1480,2023-07-04 03:43:12,3,1,78,email,1671.43,0
Lead_1481,2023-07-25 01:14:33,5,1,85,ads,322.53,0
Lead_1482,2023-12-30 13:24:33,0,0,5,referral,2041.12,1
Lead_1483,2023-06-15 19:22:32,0,1,51,email,3577.59,1
Lead_1484,2024-02-17 22:57:49,3,1,78,email,948.86,0
Lead_1485,2024-05-28 18:58:35,4,1,87,email,1055.96,0
Lead_1486,2023-03-04 01:22:03,3,1,20,ads,5535.01,1
Lead_1487,2023-05-27 22:40:08,4,1,70,ads,31.25,0
Lead_1488,2023-11-16 01:01:40,3,0,92,email,3035.69,0
Lead_1489,2023-04-21 16:10:14,5,1,95,ads,1502.05,0
Lead_1490,2023-03-30 15:18:22,6,0,31,email,1063.09,0
Lead_1491,2024-06-26 13:27:23,3,1,52,organic,3215.27,0
Lead_1492,2024-10-19 12:23:32,4,1,58,email,5399.41,0
Lead_1493,2023-10-16 19:37:48,1,1,68,organic,2452.0,0
Lead_1494,2023-12-10 21:19:28,3,1,61,ads,94.76,0
Lead_1495,2023-07-18 11:36:49,3,1,3,referral,1856.35,0
Lead_1496,2023-03-19 21:43:13,2,1,85,ads,1863.93,0
Lead_1497,2024-10-31 02:26:53,4,0,17,referral,2354.46,0
Lead_1498,2023-12-10 02:35:17,3,0,98,email,3334.72,0
Lead_1499,2023-06-04 03:52:57,5,1,80,referral,58.52,1
